videoId,brightness,entropy,text_density,subject_mask,subject_contrast,background_color_simplicity
aircAruvnKk,15.413636969584234,2.7315581974748397,5.2191159173581045,26.526512802879985,0.1090436645430808,0.0003234070616883117
_QdPW8JrYzQ,138.24767359272008,5.305572466430576,7.844695297787193,34.659180607050374,0.4843922663160257,0.0029255495233050845
OWJCfOvochA,119.70840195238308,10.369380746971789,0.7110256039292497,45.809520232371796,3.8675152101574772,0.07984233106303419
ZS_kXvOeQ5Y,233.8936254861784,3.1229233046277827,6.960218326065893,35.44552530819337,0.2732666232508097,0.0017941497093023253
x7qPAY9JqE4,47.139330871702406,5.290584356666362,2.500784588675214,25.2598555124096,0.5359521021403499,0.0025916466346153845
9AThycGCakk,120.34392292791924,9.21141999145465,2.001687216006516,33.937443737139915,2.3816789413519994,0.09094388985339506
-ruC5A9EzzE,157.91924487761275,8.33622248689624,2.557603221259626,31.2182493639989,2.7059428819956195,0.14305190284653466
Lj1a8rdX6DU,95.71962406790756,9.776580302427906,2.341451787340619,43.751958461407106,2.3032861157915807,0.05910204277663935
Zh3Yz3PiXZw,95.16131320036301,8.512738086739668,2.492256549873737,39.54985696811869,2.6807175399746237,0.14949396306818186
bNpx7gpSqbY,110.69332954228823,6.6195420557695535,3.170503257887517,28.87261686599794,1.0447280506502117,0.0024655189043209878
kUr_gdKQ8j4,137.0174092715011,10.097873187284863,1.9919776404151404,54.764668708028076,2.1846108347587685,0.1445097870879121
h0e2HAPTGF4,115.80953144457628,5.676995166036216,4.277827561254711,36.42884258324359,1.9340264533129248,0.018814998990306947
0hVuCWfyHP4,113.58721100719791,8.450136559116672,15.192356675790752,44.06673177083334,2.540119760590741,0.049539162294708027
QHydkEARVKE,128.47914132548786,7.919802091397072,5.608977141203702,62.867302416637365,5.877429547404548,0.040944546083860764
nKW8Ndu7Mjw,216.62569230821398,3.735320613384717,3.3400861952039933,23.507354736328125,0.5952457478417829,0.00061798095703125
BR9h47Jtqyw,246.64437478298612,3.076171934847644,4.864427897135417,29.47940945095486,0.09220982453816788,0.0006707763671875
w82a1FT5o88,99.61279370577829,7.4974149067501585,0.3704693232442348,27.72316090965671,2.3469440531495813,0.05158276827830189
pvf0zSh3rDo,173.9991898392707,9.297026913665364,2.9950391860666272,38.06852464536378,1.631316846174968,0.15688337550044484
MfF750YVDxM,207.1103896556713,3.327044833545978,6.661061921296296,39.7732103587963,1.1455710293042385,0.0010872395833333333
OoEpfb6yga8,217.29974909558868,6.909123521934194,9.298699427338986,63.90154533477827,0.6447806199813868,0.01732671828497024
e8QY0NDWqzk,70.15535267902074,7.637426016268556,2.6615448243760063,32.20809273097826,1.5338965114783971,0.03977723052536232
EtJy69cEOtQ,117.60618832542782,8.013264853901461,1.1796169704861108,25.147968207465283,3.999430392043021,0.08049403599330357
rmf04ylI2K0,226.53993560851208,3.4817339012799544,5.8770160461867205,38.33095581134944,0.3642615691874046,0.0016020825628698225
XZmGGAbHqa0,128.45789623119214,10.001720926390387,0.8973918876262627,41.81979955808081,3.6165739820613543,0.22404341264204544
QxuibIaQmsw,109.18442649629749,9.67129761616616,1.6321180934288346,39.76454920950892,3.25999883055862,0.015013583251527053
uAWWhEA57bE,238.3616846412185,3.754892109607936,17.737833179603612,56.8358959880485,0.29628947338673195,0.0021259323559670784
4DgTLaFNQq0,121.24403224050852,8.717582986976776,3.0882096830372694,39.75420149773598,4.896235853976577,0.2439056396484375
YFl2mCHdv24,180.6251501540196,6.388680482652093,8.412110882040896,42.63360746407214,1.0182460500663886,0.04180908203125
dspdToaROn8,207.34606031539352,3.0431531626162927,7.592570891203704,39.454946469907405,1.1202728459399982,0.001315104166666667
FHVuRxJpiwI,186.16511558786155,7.3662521600261535,4.483843651560711,31.063954216781216,1.0672363463161223,0.016926244362113402
bcjSe0xCHbE,171.91283437450542,8.915407925680583,5.2265451883507446,38.9400423393479,1.4555450856420056,0.11332715678418805
9s-vSeWej1U,203.7302942858096,5.659367330827832,12.50225212928587,46.564263030501564,0.9104762292408906,0.003681383634868421
1z0ULvg_pW8,125.57233796296295,2.7784620677788068,7.288964965667915,19.86300327715356,6.527706519360563,0.001083545470505618
BgQFJ_UNIgw,204.630712593462,3.0851179632394015,7.658151843157714,38.60693824347685,1.3212333146556123,0.0015689625459558824
2-Ol7ZB0MmU,240.96906007124352,1.9459594242288945,3.240426089342257,33.35452845018351,0.09015748612133732,0.000860184585492228
711VklH-4fA,64.6589597435014,7.955643323126253,5.370272981517509,31.01734591169477,1.106733373856012,0.016457168044747082
d4EgbgTm0Bg,23.49790243894147,2.7334304129343017,4.875205398262981,31.63922800850377,0.2534463703751429,0.005867661757506528
yuD34tEpRFw,150.5706529268378,4.921377163705576,1.1320628156565655,28.01969565446128,1.1001744281910129,0.012939453125
wCrtk-pyP0I,133.52159699435765,8.630268416957106,1.6437630208333334,36.74284939236111,2.0065021872691933,0.06918701171875
AD3K8j12EIE,229.93516089481378,4.584906136916293,13.71641044696672,34.769292995364914,0.3225504982299675,0.003203769899764151
kqSzLo9fenk,249.62822660546212,1.6558261047162093,4.5152468780844615,25.06012358775733,0.05111660641288493,0.0004133040529822335
aDW44NPhNw0,242.89441334518227,1.955156128972764,7.708583687344817,28.52919160103714,0.14292782426522538,0.0009274615921787711
qWcfiPi9gUU,178.46206238501503,9.550512341822733,5.007465115827113,40.338670417444035,1.2038198297249825,0.15331120277518656
FTr3n7uBIuE,198.320023432006,6.858940780914262,13.076956146712375,43.51168284263864,0.8409542069111591,0.003274044981916817
TnUYcTuZJpM,100.02035987478956,6.981347174780005,3.6073311237373735,33.255900804924245,1.5173749904527802,0.052635239109848485
trWrEWfhTVg,113.4569881700528,8.724281096298101,4.168329692521809,43.336989389634994,2.4849221628466047,0.1070990444214876
IpGxLWOIZy4,228.82864280040337,3.974772273761945,7.885307574779126,20.359037780304728,0.3212317418411516,0.018507307109164418
0JDoll8OEFE,115.23785740858843,9.182418139275816,3.5922390223450487,38.11015226403061,2.728089127490493,0.10918566645408163
liJbB_0eCTo,117.51109827112269,8.512057976221017,2.8097812982253085,34.93586033950617,2.045345001359109,0.0686743465470679
lfo8XHGFAIQ,131.93633486793155,8.602926575149375,2.722866922573954,36.08396535105519,2.3900924112104045,0.09952852323457792
G7oolm0jU8I,229.18808503499775,4.152903476627362,12.845441330467372,42.53756062610229,0.2794147651557505,0.0020577566964285715
63NTeLmDANo,169.67536049574298,10.254934188234236,1.5596869946251903,43.291482353500754,1.6404754157627774,0.16579656731592465
kJzSzGbfc0k,139.9334599268353,8.01220688147548,2.928245907738096,28.19912140376984,1.273682088821669,0.21329380580357146
XKu_SEDAykw,208.95928535599288,6.61875712296296,7.0590420451268745,29.776034908448672,0.6412257706980161,0.009295928849480968
5F28PzoeDn4,173.90439689867424,7.85219515375468,4.100994600018038,41.51499051621122,1.5629726126597063,0.06919722123579546
SAsWFgpvYhA,146.376010033701,8.441917432606196,4.4527618208741835,35.084528824550645,1.8489182419372707,0.0954833984375
t6rHHnABoT8,155.86525527234463,8.283868080490741,0.8401122851718625,28.706004727468034,1.5061510987001765,0.04776198572392086
3FxdPlqTVXw,126.39105687359579,9.585055018519895,2.2868149701286766,43.992150799121724,2.673188317246509,0.136016845703125
c8_BIamLESg,105.17305555555555,8.569817490580581,0.3162986704653372,46.83871972934473,2.9356550019629513,0.050386868990384616
rojft7g2BSI,24.17767410947286,4.1009573529225385,0.29348840538738113,21.4597559295987,0.2433550877088752,0.001495934727296451
E39GIysMevQ,145.5896649437079,7.794168361643535,5.712156285072952,39.555018500982044,2.7395517459421663,0.054731889204545456
-Yh2QGJBd2U,149.41768373480903,9.305860186738636,0.9568587239583334,42.33961588541667,2.3952779199165795,0.1254736328125
TRzBk_KuIaM,68.69921571608873,4.928963471809078,1.6326961405793128,29.1043030142087,1.2361929728954562,0.0015467593544407894
ssdyoPpDEys,155.73557867691187,9.416829458098919,3.9500425990226335,42.119783629115226,2.2937000413232704,0.2123902874228395
I1hFKCFT8bQ,121.33292936656395,9.034798280883301,2.807137311717528,37.23763555726721,2.671236172425623,0.1180419921875
ZPw9dSV6y2c,162.32385597511575,9.37839616565924,0.9425846587514934,28.365701071535245,1.9616668893924618,0.2520975092405914
78-1MlkxyqI,89.2989549794823,9.482710930633838,4.8015358664772725,40.492868134469695,1.8016532636487137,0.00811767578125
_4ruHJFsb4g,153.49188258406434,8.561476285204229,1.6187031706871344,27.260585709064326,2.6972244475189697,0.1225817228618421
R0bVxbRCd-U,87.95908061463156,7.778209166751058,4.190384476273148,17.917908468364196,1.7060505099346683,0.047736273871527776
j6B-HYsvkvo,85.6049451108954,8.902561358394903,4.312867896326431,42.763903014053255,1.3798126978133816,0.029052734375
MTY1Kje0yLg,143.07612832754631,9.85183167453669,0.07494032118055555,44.69006528501158,3.049727136382675,0.03952840169270833
mV_Z3Zx0xIs,104.8272393459744,9.497350781243238,3.0866682264539933,43.267603556315095,2.0752733750533654,0.0865478515625
P4Rzd21U-1c,113.52098698326128,8.130203854185284,3.9345041164395527,36.84142972571628,1.8579641303198655,0.05988969143081761
bjMqJ--aUJ8,87.2225987255938,7.409828218338939,0.9265643870772948,25.825734702093396,1.5037538357931861,0.04975868999094203
ZZZ7k8cMA-4,95.61024715262812,8.449858211357581,2.9145114942528734,33.604855124521066,2.235570387458824,0.022390782147988505
NtxZeDYuEZI,177.92636400462962,10.31484078202254,0.3970775462962963,62.315538194444436,1.0920966184654828,0.10870225694444444
Yl_FJAOcFgQ,163.10288968146136,9.147344296886088,1.2249301781400963,44.78473637530193,1.5002850076590526,0.05023989470108696
ghMZe9NRAgY,65.77025979858914,6.5259520257781904,0.5097286929598375,33.25615605221519,0.8975028388959012,0.010213731210443038
R1vskiVDwl4,47.92220794701783,6.448760956012631,1.6407219636524824,20.54081092395587,0.6602252508281948,0.00419714095744681
M624T3PTggU,165.12288101542174,6.163724010090468,5.607495664560882,84.41007254118665,1.7392596557782358,0.011107990175585284
AL1-Xd2HTWU,126.98523211141016,7.7487779254933455,2.4942465360845296,63.58609636662679,6.510377224309592,0.03866182902212919
kLBDuWvcy7U,106.6171683264652,8.877237968169212,1.478012438949939,37.599754845848594,4.202265630614376,0.012338491586538462
esmzYhuFnds,110.4021213607342,5.876705452902155,3.9420099983438415,33.603641978481356,2.019744011164121,0.031508997866981914
zn1SJOPgewo,109.2658480282738,6.962634338759352,4.016067036623677,34.644253523892196,0.8344008402281158,0.004119582403273809
Y30VF3cSIYQ,152.38904280340608,9.143924902926546,3.8419704861111112,40.92460317460318,2.6134390571533666,0.21092354910714287
D1R-jKKp3NA,137.50137171855923,11.215814807130757,0.20008394383394384,88.14160561660563,3.2090174297219862,0.1868568638392857
mbDipVRt5aE,226.6568792513736,6.148236471240332,10.504739420050138,52.22940668295091,0.3174024193524264,0.0027818592316513767
TUSxq7KoTsM,189.1116455923056,8.213407861183025,16.778666289560565,33.23000492728256,1.0385346057535811,0.15431588595030735
XIXvKKEQQJo,47.372812019938976,4.4929936727392805,3.2389783249158253,24.38101325757576,0.5591737523837309,0.0008064038825757576
aDhTeLWJBxI,96.00247684532316,8.566997932360069,3.180756117127958,28.22761348964601,2.1597701569357635,0.028750423059566783
4yzaG0Ia_fs,135.57211863632605,7.812599248053628,5.699901620370372,68.36758721891535,3.576069098728617,0.041953125
KzG-mJgj-E4,156.92621727890273,4.8859435327204865,3.5817892220491516,69.70546956126688,5.7545684436901,0.007775992990654206
Q0jeohWnmAQ,141.6296845373947,10.445139578021898,2.514017512289326,59.90631156854713,3.375331180195095,0.15998891766151685
a5ZwNfzusLQ,114.26980865317049,7.83836195769081,1.7566447585978835,30.0377681671627,2.8407462624841244,0.08290608723958333
i1AHCaokqhg,52.18294997300559,4.120995424305781,4.7014779880871735,30.137663113284773,0.9825211751673828,0.0021367266895325203
9tnLXvr6cLM,105.49217561652858,10.092020839174968,1.5541273165578982,44.93320417085007,2.658877608647497,0.0032767789909638554
wlk1DLm-BjU,127.63325474835823,7.7471230468058705,6.6277268266908225,62.894546582503025,4.614353887144741,0.040341584578804345
q9tYsvRg1as,175.2305187911919,9.987382694036624,5.967677730302353,79.84445631330057,1.4006802187028593,0.2597577706099196
gIR65Mz8mHQ,130.33628076242334,7.806326675399707,4.104848005726912,63.1424963924964,4.418076604108027,0.039137010450487016
7UeRnuGo-pg,132.76750540407136,10.458166146508391,2.348227152550835,49.07511765556917,2.800611173756754,0.06739478017769608
zORUUqJd81M,51.82803887975146,6.612173630508997,1.188974448431685,21.11054521364965,0.7395347764999479,0.001960133821770335
q7prQTS_N3Y,57.62968849012586,6.0764510703760175,2.2284586588541666,23.792492223668987,0.8553364317855621,0.015070597330729166
1-JAx3nUwms,35.04469960228445,4.445552795112671,3.6629473494224416,22.020628674195546,0.37185747408990616,0.01035422145730198
8FHBh_OmdsM,105.49664685126686,6.6725495911603065,1.9463451563206693,27.378411417109533,0.9390443182504584,0.01629481322082768
d0yGdNEWdn0,150.6911110817849,6.528227952131313,3.46898998607983,32.3056420678491,2.434911745337286,0.01915734093468469
w7BMaG3zyVo,112.14375229141136,9.035590342921383,1.1136176215277778,37.380842141544115,2.151207136543794,0.07470272288602943
LIEuU8CZjGQ,88.42847754892678,8.27425010124794,2.0811705130946563,29.671146635202838,1.7366196452125615,0.012544961968475071
wcKyq-e-Soo,190.08963211039622,8.2499790787335,6.174629799836603,23.220087826797386,0.92734591155142,0.3294979319852941
tI8ijLpZaHk,177.93739890477988,9.18993954113564,2.0793824554771505,40.08603113099238,2.2330530358065293,0.10118053805443547
HEdPX8pt_DQ,184.04888466729062,5.7765582075165005,7.921224711853781,29.75166744656033,1.220489724501388,0.06103706359863281
pkdgVYehiTE,238.7741294160279,3.1193696503096016,11.912537772700471,38.93140006715147,0.2501245648972562,0.0017239552623820756
7bE2mI4ePeU,83.45755288379439,8.749277231492544,0.7690521592289008,39.79862593446418,1.6186965518977765,0.057115565232240435
aJdUVRAKmB8,127.376758364899,9.958032806465646,0.9095091540404041,53.52385771780303,5.060364661740394,0.13135209517045454
G2_Q9FoD-oQ,138.85362420782343,8.646040821052786,4.5984673963189575,35.521752986596745,2.0930692129902586,0.10425999781468533
XF3P3KRn7EM,118.74342680692509,12.649358370464402,6.0214898029568165,73.58376516905163,3.7092111750575394,0.04069221793831169
rc57xiKQal8,119.87581186804752,12.440003782605213,7.941074449829603,74.59555543499228,3.9211294069794045,0.051274617513020836
kE7D7qFayVg,115.38439306159898,8.670435246469163,1.567267438027426,35.54800333487165,2.3038969361435404,0.1087090214596519
X5846PYLWIY,101.07997641418429,9.611003905229381,1.0350373428684123,55.24424529677077,2.239290153869816,0.03775516633064517
DxbMzZ5a2Zg,80.65039579690034,5.9002632982973156,1.797902251875507,40.375060193633416,0.9320328820876136,0.003434007185218978
pynDvIsLoU0,70.81022933525597,6.272116591633897,2.8777377826561064,34.769759024908176,0.9882388949641684,0.01015503938533058
MHTa3aDczCk,145.03072184343438,9.860453697984092,1.5288557449494948,78.95325915404041,2.6162264915273834,0.037216796875
wKpZXVz-Jvs,127.2205134748164,9.788330321994149,0.2694040349616858,66.53291502035441,6.5045524923483695,0.14522438487787356
QoqohmccTSc,97.79070482526508,7.609956021569617,1.3105953156001984,31.406446668836807,1.7012107787021216,0.037533351353236606
qiN67V5q3C4,96.09225598267835,6.716678803837722,3.9125791607481064,20.340068778606373,3.5249357106452126,0.016136863014914772
w-eX4sZi-Zs,96.99175880922232,10.126183882820019,1.527638509344147,58.05677836301128,2.22640995480325,0.03547683522126234
Nn-_8IniOVk,121.2722244678442,9.515441534791012,2.8568415987318843,47.16874716938406,2.3162790245485145,0.056806216032608686
QaoVWtLX038,116.76522448653697,4.080963484059477,12.642715294156186,40.779134114583336,1.5976112508134728,0.0019577314268867927
cC0KxNeLp1E,69.26093558547844,6.106903980083508,3.3455377562433233,27.269865639189373,0.9766833755978896,0.0018709622896634613
MmfikLimeQ8,66.62528713722705,5.7501337915353705,3.5540202113042185,29.488438498031787,1.020794964004197,0.0006775881517379679
MdZAMSyn_As,76.07902396600366,5.9195417215957855,12.808238763918819,27.335639105902782,0.7649383665726834,0.015516609981142241
677ZtSMr4-4,209.1590747403448,7.187251430682813,4.515895315545809,28.9960471110502,0.5170379769866315,0.03509200246710526
bKjH8WhSu_E,206.24980704612514,5.4852043840284015,6.78967329730699,23.403615777419144,0.8899461776859279,0.15373867554284038
KMX1mFEmM3E,245.57915683103718,1.4987380294140151,4.853661856581043,16.686790037895758,0.11114966276466516,0.0005670362903225808
LooL6_chvN4,132.40909551048165,4.406154060953738,9.398028423016934,39.79314514631611,0.846284232528448,0.004754867145721925
0NAvTEQ9eXQ,130.7172896809187,9.316607416072072,1.2821719544299202,47.527161486701154,2.541173869720185,0.04580907883986928
Qmla9NLFBvU,127.6934183666088,9.559873690148619,3.4673039641203705,41.30420138888889,2.558304952816083,0.16026692708333334
fvPddKyHxpQ,211.01794625475662,5.0659276341738115,6.767796434977812,49.05549382932064,0.3955698508909419,0.002966048869680851
SWZ_4YBFBhs,231.98035304916095,3.0246637578623163,9.305471375790829,29.89027515198695,0.21994124696752587,0.001308454737544484
uD3p_rZPBUQ,66.25833685403738,6.9901310066683795,8.796348048721926,28.002396387411352,1.2029372301351011,0.0157964178856383
r6UcW9xLxwo,123.39674222682012,7.567391420888712,0.6331860410881638,29.921617385456443,1.8161559023889204,0.12607592205668605
CMGpPI0QocY,128.61387511379996,8.881441680153353,1.9424516217818428,29.74688770325203,2.467106464834477,0.1627197265625
GhlLtd19szw,106.67091089113795,6.909709623293368,7.777172358349116,40.56206843828914,1.4254361569421743,0.014795476740056818
CIx0a1vcYPc,60.0996820545589,6.4895939527033475,0.6177702224794239,31.804557894483022,0.7927764647420411,0.008809407552083334
pasyRUj7UwM,162.4665509215151,8.633920828266678,2.566505494156504,27.020695714769648,2.621172223184762,0.17966368140243902
iphcyNWFD10,92.6181542376894,9.06071832347153,2.2004705255681816,38.83097971906566,2.0426460167905063,0.05631880326704545
DRxAVA6gYMM,167.92336294472122,8.662044774936609,4.287261913747988,27.508841743407807,1.9386590876496783,0.11643738677536232
oAHbLRjF0vo,190.81554094957733,7.0410974494701275,17.743286722524157,53.354612960446865,1.187834314388026,0.017195991847826088
4fuHzC9aTik,127.36586028968664,8.208059541687946,4.1458602358815435,37.59019168962351,3.3158514613739105,0.10496029183884298
zUrDUxh5xS0,134.81383908698362,2.1420747994912066,8.041145462369421,18.621768904320987,4.763463408409658,0.012956146501068376
ENK245mtPTo,90.97377369791668,8.48818798688969,1.7918301504629632,32.956477141203706,1.3424180742304244,0.054873046875
9KABcmczPdg,64.87877870008681,6.9242702800091775,1.1780699714781746,29.247726004464287,1.1237733166980064,0.005032784598214286
Iy7NzjCmUf0,64.6872707833857,5.9380476033219365,4.467011305390212,23.814412650187393,0.8563607776708586,0.02548944382440476
sj8Sg8qnjOg,170.3858892885265,8.069977850085246,7.115696863615665,23.782132878908623,1.5107912414324158,0.0962767887636612
-eQaF6OmWKw,214.8357838710125,4.416086513805452,0.7389659833206494,32.692652345731865,0.5252891323063024,0.001843874857305936
A-QgGXbDyR0,91.6106682894123,6.577006726031754,2.6055448668117744,27.74338107638889,0.9251819368526726,0.0478515625
9hUIxyE2Ns8,57.20422227476243,6.598479227928488,2.56321717379386,21.604550324378653,0.9305436986074352,0.007591745476973684
R2NzN1ew9j0,126.93884932170543,8.774148726257826,3.1278094046080964,36.84471394541344,2.9593475060602312,0.14366918756056202
T0Z73Zbtlyg,112.7141500892168,7.178215400916088,5.0281701564253645,33.47038198828563,1.475636179990504,0.06989820075757576
iM_KMYulI_s,137.79384457284436,10.473042826049275,0.7190339265046296,47.0657787181713,3.138218511660757,0.108984375
RF-Mqs2qC-M,152.43902156062313,9.880146311097036,0.5024614458208209,43.02704071258759,2.4683789771294906,0.09154613597972973
TclUk6-63QQ,106.74487685462792,10.900769846288226,1.5184605947621976,60.599298668767936,2.6087613121867665,0.09048383086369928
PuSkexkHRb0,114.24992310315552,6.474544121356742,5.571695665445667,31.298316592261905,2.048072323883551,0.032028030563186816
79_IsTV8X-c,183.77451243426682,7.2320492129431155,1.8935704131441224,30.552822438607087,1.4743966216750433,0.08050979393115942
1zdZG6KFM0g,88.11220507078639,7.269500554168132,6.0439112402710675,37.00781354837628,1.4806226159771607,0.06026735167572464
PX5-XyBNi00,60.915270830041685,7.497027426903218,1.797889769170579,32.27112111773204,0.9897482045322012,0.008705478060671722
FXATwX5bVp8,222.99809079996743,4.985875054076284,16.52750244140625,47.147466362847226,0.4322629300198192,0.00592803955078125
Xjq_ow5DrWY,34.78303317255261,4.2118920251602345,0.5659123303983834,19.786668831793687,0.2685890112534188,0.00038904626154734415
dFT2IKmwyfg,134.6213972186325,7.7955620193635715,5.1520418885756065,37.82993780022974,1.5551137571646552,0.04992033305921053
kCC8UIPrASA,91.55764998203476,8.25594533624324,3.198223904278592,41.14188733719985,1.8913629070035392,0.0522943853021978
zttC2x9nMEw,139.19897374425207,10.29030233418442,0.66504052881006,47.5526757225976,3.1068660044437815,0.2446651974239865
RCXGpEmFbOw,48.765402491009425,5.943994180247687,0.6031281001984127,20.73842463417659,0.6778141962240313,0.017086356026785713
bBrUrgNf5y8,119.04809654884086,8.434807596595085,3.1448280484068634,38.28847528594771,1.5979694930669956,0.05651496438419117
PRSoRkM8GcM,136.48675054993294,11.19982535325267,2.764225096012205,55.45520430542403,3.0177002055837283,0.14921153675426135
pCON4zfMzjU,107.61857400459157,8.222949572530805,1.3516895673428362,37.90085606268275,2.391125015097104,0.03844893606085526
IesIsKMjB4Y,88.0685393448514,8.52086348545153,1.598114779345878,39.542080859841704,1.9095209890544516,0.07489079301075269
iR4CFiuR3tQ,112.49063685356165,9.860839264271412,1.299364083543771,43.94538648200758,2.512599324998102,0.04039787523674242
x0MjZOR89Fk,170.87712651315164,8.193454489145159,4.157413848458904,32.42224362633181,1.9340261857578585,0.10931145654965753
VFWbuKr5-I8,148.10420631139905,7.9046639072310425,2.1628980352303517,27.274141471883468,2.0265373929055492,0.08718202172256098
eyqwLiowZiU,133.37938138815528,9.286920322799956,5.066650772691705,41.47629352503913,2.2384677540989686,0.05274812940140845
r15_6z9xryo,128.95451038707387,9.633726571877727,1.794750483349116,37.34002130681818,3.0386878181038623,0.1551541415127841
3SAxXUIre28,116.74857019097222,9.654496891128392,5.359961805555557,39.11665104166666,2.59730563744472,0.0845078125
bf7BXwVeyWw,41.17095802934823,5.420825656566313,0.9090484023801952,23.80434789811281,0.6082227197539976,0.00793084297471374
q7v5NtV8v6I,48.24670157465953,7.365325189748369,1.168217851545612,23.186361732598357,0.6459680356865921,0.00789704675340467
CeuIop_j2bI,194.22766025735874,4.606756290999709,15.129670730744948,40.52422232579704,0.7590187296231868,0.005115855823863636
p-MNSLsjjdo,81.88727695498892,8.854723334568904,2.768930134841513,28.610981302189842,1.2272690813220164,0.04547006805981595
TgA2y-Bgi3c,50.20931758174189,8.317317365573599,0.5328213413065843,28.851287213863174,0.7335165592915118,0.011497214988425928
zNzzGgr2mhk,109.00953475648755,8.943850160052754,2.1670812774122807,39.93394554093568,2.2888708659548858,0.08464226973684211
qaIghx4QRN4,56.454434841579854,7.059120683339812,0.5615383572048611,22.91827189127604,0.8812703722087857,0.0128204345703125
F-nNTGK0wFw,95.20318221275251,7.441604997097652,4.742107599431818,38.80504853219697,2.3875418459410023,0.031131258877840913
opqIa5Jiwuw,148.38838523118469,8.720434170781521,0.739717807751662,41.02891478216999,2.484827070330503,0.062245426014957264
kF4ju6j6aLE,48.326009161760275,5.869151880775963,0.6695067179951691,23.298354940368363,0.4980277692332536,0.005624787703804347
0g9SlVdv1PY,127.4737016596585,8.768361384861011,15.859538258154945,65.45376957106906,6.4347252107036566,0.05315994122706422
c0bsKc4tiuY,94.35027552475164,7.4131117771899975,1.893960081500772,27.97005434389468,1.4654462173124811,0.024247911241319444
6N3hffFYe_U,89.89873803840112,10.36520016929283,3.6264769000771606,48.478376977237644,1.8178086956945292,0.01229034908234127
8HbvY1ZDhwg,122.51690445141016,9.82361016495472,3.8218080015313936,53.12871549047132,3.0948749742551462,0.10589608956259572
f7MzFfuNOtY,136.86672766565394,8.158768786219628,6.348439911265433,38.608118127893526,2.354014694727601,0.08397894965277777
mf5otGNbkuc,90.44677297017358,7.557370033571138,2.601036835383478,52.53815186040685,1.5618613743935141,0.02313660738760965
FX1HaV_qjOM,194.3198877919283,7.135042832611142,8.035493662005326,25.55060288242009,1.023931608396197,0.030947332512842467
5ncOyYzOP3w,116.01804572376777,10.772214090183606,1.264822114773882,51.10092369844597,3.3924162520097267,0.11667837747713415
IHZwWFHWa-w,23.80859396872941,2.750664860031613,7.7520028752195875,34.40026624945103,0.18163110993663445,0.0007362818058300395
LmpAntNjPj0,67.9435015398641,6.4798318621025714,2.2299786516480595,24.834338450292396,1.2197742382907129,0.013396194677033494
6H_9l9N3IXU,236.5797612674989,1.7270989056176416,4.076891809964726,21.152494741144913,0.2477428321022961,0.0022708953373015875
r2Cd9gChRnc,174.61470120236459,3.7902634471665473,8.410141005222682,35.084946589474285,1.6673463433299451,0.014708968233471075
Ilg3gGewQ5U,18.006668875790087,2.6696050198465056,8.76147314745509,31.624389242348638,0.14095912137939973,0.00044296173278443113
NaL_Cb42WyY,13.813368376077426,2.5449594456900657,6.385781297049083,51.39405017314062,0.10896489730843437,0.000369849889905149
Z5bTMIdn8O4,188.73466218171296,9.784466775228728,7.696692949459878,25.027806411554785,1.0434783061632893,0.2876247829861111
hI9CaQD7P6I,150.08987898461612,7.763564469222673,4.972945601851851,20.356749734760804,2.598487511635404,0.12006971571180555
BxpjA9t4dJE,99.34405595960905,2.874095065823232,5.300828009898711,29.76826873273481,0.4511555289896372,0.002221544803176796
mQ-8gnnieRA,97.5917166803305,8.91326345087231,0.9343291859567902,37.982926231352884,2.359835419926809,0.10679343894675926
eTOKcxIujgE,131.60737662358542,9.760589481622773,0.2178417566872428,54.32989326131687,2.427498959912659,0.054547345196759266
dUFxaQc7B8k,78.5767029333308,8.250347301193223,4.9492551829886455,37.12839856422344,1.5386716076349238,0.025401317290145987
STpKoVY2ri8,146.57583715035426,9.51014249894656,1.7739794839255498,38.93558928634378,1.8815461841361452,0.2387472239847716
X32dce7_D48,167.77635382479548,9.220029481198807,2.6602127330669707,41.54011040953196,1.6998926170567064,0.2675012039811644
IOZO13rdhwU,193.2844000690457,5.8041005524400315,16.909776127915777,52.3410506579045,1.1216275470481216,0.0030200664813701925
w1f6o1HQBvg,60.173954089506175,7.631010045614243,0.08923611111111111,59.60708912037037,0.7369193583404934,0.006955295138888889
CvKXdhB_y9I,92.68032169640823,9.504916572023085,6.1608517617258665,50.02528389685792,2.1775307064124454,0.016499503714139344
6S66jorlkeY,139.72845699317742,7.276861848260411,3.14752883365822,49.25111679662118,3.516269263048309,0.08973238760964912
VcOCCrKlXRM,51.045535968660964,8.244270392889062,0.0,62.708934294871796,0.5569543429341399,0.006915752704326923
8N1cKs9JRq0,147.89850850080668,7.868797192885159,2.785133781390292,32.88722237566638,2.0277762821211183,0.09303237452651517
wutztfYqk0I,88.61794405644991,8.661111027211103,4.079444345801767,38.649586687184346,1.8047070538666703,0.02419581557765152
5njUvlLWoRI,216.27193137372285,8.682006947942925,8.14380787037037,50.08658604725415,0.5358824673508462,0.1503401131465517
wEbiwj0CY4U,147.07469620718302,9.03721404376008,8.101758211912065,27.97807693741479,2.222888367994025,0.4036857745398773
MFZsxoen5Y0,114.38945730452673,7.741196244679243,1.039181053883745,34.63884267296811,2.1547405018324484,0.15657099971064814
b617FReb9YI,140.2186180328613,8.783258743997969,0.2498411401597676,53.338757262164116,1.6009184515752002,0.019603056066176468
K-HFRtLaxqY,112.486635244864,4.192490428009879,2.8684443721064814,37.881334092881936,1.3920195307833412,0.005788167317708333
5q7BSLylhTo,167.81219773391814,8.064198161476892,2.5867730034722216,40.32698453490497,1.777460991149307,0.08927965666118423
HibcMLxj55g,119.95867319467905,8.802443186374644,1.6116761903505068,41.99594693570523,2.607758116741454,0.13537927576013514
J2z5uzqxJNU,183.00894879458647,9.133113610796153,7.555806107954545,33.14572975852273,1.1969905925761837,0.4218239524147727
DWKe6i-ia9c,222.99156901041667,2.736957263562375,5.0908896363811715,39.114256606867286,0.7014979615858403,0.00146484375
LGW12hBxUbs,118.72065410816728,7.957842323717272,0.8523857374698068,44.05346325860507,1.7843333543108808,0.04359502377717391
7rULs35adVA,99.3709552744709,10.163341164358256,12.584711199294533,54.42573302469136,2.399151452343629,0.042835053943452384
C6dpQWnRII0,86.35886748777081,8.893343089730903,0.0863142033542977,54.71741788958771,2.151053725363292,0.02040186468160377
74Tw4sm34LQ,133.80249081958098,9.461022260374973,10.186846215180244,57.49933067064607,2.1054107156836763,0.026612699701544944
pEnXNd2z9bo,115.92589654558405,8.446755134895952,0.08803947426994302,25.861031817574787,2.2031190763578903,0.06721066205929488
bjUoQbSJDJs,139.93823407961997,4.743265130302446,2.002314814814815,26.222779827353396,0.8485469694143769,0.00482177734375
xlBhqDOxolk,119.06397446822777,8.650920818640907,3.053319253895664,41.806279817355474,2.82090914104356,0.07798208841463415
SnQNrYOvWR4,72.92226866319444,6.879824718767551,3.8696149553571435,30.481002759176587,1.0453653797395048,0.011542619977678572
Zb18eEvBNh0,180.694937687262,8.395777549414946,1.202335699484767,34.012721564180104,1.2809477677258263,0.08199581023185484
knMM9dRwIH4,113.20228752920559,8.666038370973839,2.9525378455996885,35.027919749480795,2.7888925900845285,0.12593321042640188
r0_mi8ngNnM,166.43739313006785,9.173011927762236,3.5973671072174054,38.420145788174366,1.7055881159886632,0.4167282898302023
9AVhwGKV2TE,196.99792918397102,9.363762043133733,4.106546372889434,42.77514311569535,1.5808363245856285,0.01729449103860294
HUbi0z0msrk,103.53891403055636,10.55145033301492,5.163416275230401,47.746678115670434,2.4836495499516014,0.09526332962178738
kCQ4m-ui6yQ,57.627240162037026,7.194331864617145,0.34152199074074074,53.90353009259259,0.7562808416366037,0.004638671875
WQpwcU8FTZk,94.04321689910469,9.632156407266491,4.377465170167585,59.12476505107898,1.684651337722045,0.008881876291322314
7QpJ_VDbIPA,130.75869446835276,10.75059683453881,1.4228727121586628,57.90927624028954,2.3492306469988455,0.1028080309851695
nlJ4WIj3j24,162.73075902926163,7.536966549722589,2.794476718304843,25.147019531969786,2.4257398034201034,0.1371074969951923
_pYfw-_KfIE,195.8858401360246,5.812125050859568,17.18614944779586,50.820345380892256,1.201890603172555,0.00341796875
joc5J-poAxg,95.4238522023168,7.768526630877607,3.6624573455459766,34.045047219228934,1.6973681774261986,0.013604525862068966
ajTUqSXzZis,142.4518914000496,8.735451822808878,0.4345858134920635,29.754926215277774,3.6618382691919495,0.18626534598214287
IiAVsYnHtwM,94.01055132656694,9.39163362662438,18.28210692663818,75.27744391025641,2.2346342988325842,0.005878155048076923
iBZaLPEhq04,70.95983414598109,8.368769055515248,0.12029957151300236,56.30664524231678,1.1871981517336054,0.016128864694148936
Hnl4AyEO1I8,137.4448313861656,8.990641012375674,9.733767701525057,54.39177704588779,2.9021218031728453,0.04845798866421568
IUTGFQpKaPU,92.02159274041365,8.271452216323175,3.8012789666364735,32.59507803064613,2.347232116597102,0.062255859375
8dOM8EHJoCE,240.45345299455425,5.086584425413765,14.964534773134194,45.94564720743965,0.18163459104578591,0.006716170400943396
bXsv_F0kfrs,121.3129749891493,9.749786378702613,1.3360460069444444,40.849790219907405,3.6192500983150238,0.0393798828125
PJjXnkd6bUQ,87.75839576099537,9.530142101637527,0.4817201967592593,54.47526765046296,1.7591796338343055,0.03858235677083333
aRdcptG365I,68.13172625868056,7.518251398011318,0.37308919270833335,30.474424913194447,1.1951250658989332,0.03431884765625
No-T6NIytFE,102.67811643366228,9.985685208165515,0.40943477400097467,33.345727872197855,2.026631629159647,0.08165004797149122
GWM0elaag2s,218.76791484099425,7.374105232356433,14.54180789792769,48.49776441247796,0.3091732820257225,0.013825334821428573
BxpFMrEAwqc,94.52946321058135,8.861198353111883,1.570201210826211,38.386305588942314,1.8161756124148998,0.047128530649038464
4QrGdzYiNFY,98.04650937034971,8.684836668672496,1.5727758659887563,33.06273509837963,1.9385406666408724,0.0531005859375
mAZ-gT0Ip-0,103.36070874763256,9.357615722703812,2.4028665561868685,52.73183001893939,1.6455946530703311,0.08572665127840909
9_guNEfxTII,235.6365720683397,3.0387530541194017,33.548158143939396,46.84921362058082,0.2253198732450809,0.0013762872869318185
5O5EC06b-xg,64.4013473356613,7.365249495869619,6.1344343500105225,36.33569993555346,1.2927849053144116,0.008152817234848484
W2sIvBq2iAk,151.50996806000708,7.769465844839879,7.918411124465813,19.501814709090095,3.2944985736579357,0.042236328125
AqcMAn10448,167.84669369385514,9.854286210472528,5.551643332696228,19.088057865061163,1.700497666169327,0.14103040782683487
QlSShPVcxfg,63.22164555835922,7.554503921519101,1.862791957815735,39.995069336611465,0.7841050358529341,0.0014724257569875775
-zCsllWJ3A8,137.62973958333333,6.8232456460550175,2.2370064325142454,30.31209991542023,2.2416259607073905,0.06905799278846153
fK8LrzzC4-8,50.04836741495071,7.023063319838174,0.1910175684079602,25.147019531969786,0.5739196709300791,0.007469974347014925
UojBaKX5Vz4,127.0819435603138,9.750422985032943,0.21324427726337447,56.02554333847736,2.45550604866072,0.053037290219907406
Ev-QpxN8wPo,100.37220333684691,6.4427375228464925,7.891108114252646,42.61289889219577,1.9632401324671251,0.0036068870907738095
i5gxEhNDYls,117.07462800525484,9.229848029091864,4.361762152777779,33.551620241195444,3.715276809952351,0.1162872314453125
NTe1FQY9gn0,206.21716345365547,5.0154900700200935,13.09039592978395,44.625261019483034,0.9369358841679808,0.0029833984375
alQ1hlfNI_o,219.69200513738647,7.90956379586126,9.609121678018164,65.15291466346154,0.4610880220023525,0.012374173677884615
YpcrlbmWgb8,120.3495540674603,9.103182909560985,0.8784381200396825,38.87110925099206,4.110703895171706,0.07922712053571429
igNgYtGYjys,64.60024394914215,6.99947446555263,0.7104779411764706,54.95189950980392,0.8553407723914175,0.009449678308823529
NAx_gFh9BxY,153.84154826721408,8.467143293611256,6.775419501848117,42.775177548863134,1.8553631400193693,0.07508899319556453
zyQtN7Zbi-c,166.80996277640716,7.808646964090759,6.25355103252924,21.582364766081874,1.637229109232453,0.03256321957236842
8P13-6Qt89k,54.65918309899406,3.77869682856725,23.162858653406488,69.80772033607681,0.8158137062680701,0.0019350405092592594
4NGlnpZfXII,88.60389808042461,9.96638790855793,7.225946066552012,64.0736694972118,1.2697767036676817,0.004024426887898687
7bL4dmUdddI,135.65247075135028,6.7127178909348775,2.1622600790895063,29.17646484375,1.348037187523491,0.05724012586805555
GfxzDd1wNxs,151.40674076942645,9.370148888178289,0.3946565942289272,27.78677450011973,2.7124032475048425,0.2816709321120689
E8xXtoIm76s,87.55386846346128,8.388741732190631,8.78127813143004,42.07639692644033,1.5469337075294838,0.014677824797453703
elvOZm0d4H0,185.65929699933088,7.275835209887259,1.4964057074652781,21.945937545211226,1.4335722005994225,0.10481516520182292
cpCXLf9E1Ic,196.67993840457916,5.823368353106552,17.903539897223357,56.03940654857139,1.2606517602000695,0.004334393669577206
C3ddWloPyPA,170.2779278246374,9.409043579335341,2.1340521678343167,32.27627500460915,2.4332471435376912,0.0957214895602876
jFxtn_BQauk,109.71363142730496,8.11860359521464,1.1021719858156027,68.80060579196217,2.4047887260324456,0.015391248337765956
FNofmHUX81c,77.97470357213601,9.528931276619474,12.640398519062266,49.92603758855332,1.276591023785968,0.010738910444630871
uJ-c54cgDos,105.93452077917726,9.364494571621027,5.398086264774086,28.448262836936465,2.9569898884629686,0.12135761473294435
JT912hDAPro,136.23519275102458,7.703662450442233,2.3805516421903463,33.097789660177604,1.7518321252544542,0.06905577612704918
jpZWQ8ebTuA,169.52493497103615,8.752708955646717,0.4546849216171617,30.429500567244226,1.7824305412006576,0.2513391475866337
lw3c5d3aBSE,62.37048394097222,8.858390960411679,0.14118726325757575,51.62585819128788,1.207996262895543,0.023886940696022728
nsTMPkPCQzA,104.45919618055555,8.314228598941963,11.281362123842593,56.819266312210644,3.102541311320548,0.030194091796875
mcVvM4nhwNs,244.49190192248776,6.063712461704067,18.918585324754897,42.88873442606209,0.12156847537688545,0.005773207720588236
5sKah3pJnHI,185.36504690366218,8.173406093122674,1.3283737470518868,30.90084000753407,1.3047722958737795,0.12306530070754718
KYG6nvG1dyw,124.13093083854805,7.693707542415445,0.6568628853785103,35.36462069469882,2.8312293826342834,0.009212955013736264
3DQATvwX4aI,56.85554630887681,8.371472878001049,0.0843617904589372,45.722675120772955,0.9243575347090174,0.013162364130434782
FtbiL1uwC9Y,194.6360267347486,5.269513058007611,15.5164621304041,46.81241466450962,1.0767336831739929,0.002743632376858736
ARP0bpKgvVg,131.06982742608758,8.712398888693505,1.298947801776961,31.7399311938317,2.874548060455164,0.12567856732536764
xH5whVFwXw4,104.28558569089331,9.22681944513519,0.4416199757996633,40.36706584069865,2.8800088846265632,0.03933993252840909
XMV3h9F6jq4,82.02510004340277,8.111811549939626,0.2365306712962963,64.86332465277778,1.192330558738676,0.0077677408854166675
ylJd5sUbANE,127.72759452587265,11.390445356458766,4.170528745698132,60.68408347160768,7.24187915880993,0.08640201534845132
cJXcK_P-zOQ,208.0104595817728,6.185482039286567,13.34550886912193,46.860759987515614,0.6286605080666726,0.045500578703703706
480PvTx2U68,130.33599370945268,8.161939593293473,5.104516458790204,38.71781055829678,2.465834981756058,0.02773244757401316
jwhFr5Ax3Fk,110.22005140817902,8.417289412293806,0.16771556712962962,24.937960551697532,1.9090462891220732,0.035340711805555564
HswySJvxeuE,111.70438460930143,6.70546852938459,2.3621051450682677,25.912667542078623,1.2828853640775744,0.045511536679025424
Ha18O3B6Eag,85.65069257023359,7.800923100711165,2.6710759943181817,30.802122790404038,1.6350273510879345,0.02734375
2I-_SV8cwsw,162.6901685208589,7.560995717245153,3.37323037939134,18.723738128063726,2.1126071578673438,0.04595229204963235
bB52e6N8kjU,132.4865604635291,8.128664472933066,2.5053482915660226,34.89551488903985,2.1686639451560445,0.11198624320652174
WqmbA5k-_Eo,148.59804494778714,8.302537997377797,1.7917800321310116,24.04813335665423,2.9138084350985407,0.16954291044776118
-EtHF5ND3_s,204.6921439163773,4.903080522017683,4.501870237750771,37.788357204861114,0.7131319093481916,0.002236260308159722
u1EmWNY8km0,135.21359223242038,9.939682727536788,14.257608006143162,58.4388791005002,3.6984585669300465,0.02080743963068182
Q9Ybl-8S6-4,248.79429289967518,2.1575994266328524,9.371351723204619,39.935047140021645,0.06915443812450445,0.0010885799632352944
FQkaH5ppFek,124.45958767361113,10.344893715601474,1.1250170206971677,57.97719226579521,3.731854189359702,0.1294567631740196
HbNYuOTaYFs,162.5528074363426,8.786054325166429,0.719139821244856,30.252241137259947,1.919769323438916,0.21339699074074076
nJ539VsNq2s,107.07061854876892,6.5255802385279384,2.5953075678661617,26.62838541666667,1.1889779822998825,0.02624067826704545
Z49hXoN4KWg,131.22236799980888,8.679280203554653,2.9890039659785934,26.265826086264013,4.737464854555493,0.16966653526376144
U8O8R8-XRmQ,103.82097040753712,8.918224900621354,4.613748952346743,46.438583198635065,2.1101391619466456,0.033396753771551733
YQGotj43PqM,200.4319212962963,6.552517538000793,10.448106553819443,38.85240945698303,1.0253962894686497,0.013020833333333334
HxOusn13fqE,39.22859167028356,6.8397758979160095,0.04554578993055555,52.23517975983796,0.429405954148058,0.009409586588541666
XZSnRjDRrvY,110.34993976146148,8.854209327335044,2.8731539089994973,31.48278421945701,2.6275600034135937,0.03818094244909502
_Y9EZcw5zaA,179.0722903078254,5.299777142934004,2.841614609648921,53.07374680385222,1.2454120846337104,0.001510361493644068
qPrxInnjdvg,164.15399128581947,9.031791911668217,13.454945468531733,70.42953205817949,1.4295226168937658,0.04934627054663609
Jtpv39DeWpc,150.46498560345358,11.145806760874656,4.432917519221231,32.345703125,2.64592543683892,0.2867954799107143
y6fPilMJHsE,86.21517495954693,8.172196307214287,2.103649766271125,46.66589131607336,1.743270811516182,0.02528949231391586
_BXYFubygkM,88.2677893334218,5.338080207360985,10.504224168435952,30.343458344391365,1.7274789301417108,0.004206371914808917
eIpFQGGuALc,56.332856947325965,9.256705192988981,4.481119791666667,35.367408115779156,0.9940367764408602,0.01951909362033195
5kpVl6YJzpk,227.9320833333333,6.684253921088886,3.3932688816267254,71.2034540668119,0.4697924254897592,0.004337086397058825
AwAVQ0RiwPw,149.3821202773644,11.037093033426151,4.920512635030863,29.275120218805114,2.8140299658275216,0.2736390128968254
ecaGFISlQXk,217.18967009367765,8.835928608790729,5.04466869212963,47.87610541449653,0.6010706224896589,0.044769287109375
MEysDZDzyIw,229.64402613467263,3.068095804071238,5.618401227678572,28.500916108630953,0.3547351375284578,0.03537248883928571
3dIbFvX_zCE,195.35845952059705,8.14697436657487,7.0554750388766925,48.187215094828645,1.060516640675358,0.07720364383232711
_ZB4aUMVKS0,127.48526057151858,7.927519265682141,5.662094111026164,26.746378235077586,3.7467150071766993,0.08582326906536697
d6c6uIyieoo,150.64888349000674,8.659902764137362,7.0954559408875335,27.596326113651767,2.0625950999695943,0.09393697599085367
zLAMv1vDSgo,241.39347557630916,4.791086965356586,7.559253413859621,43.29829285867383,0.1097259644656135,0.008366141732283465
wLpOb7vYwk0,141.80933640520234,7.189568594300628,10.412034542624523,14.572407806513409,3.194117821727352,0.07529633620689655
Am8KoqLFLHg,131.10098340060145,11.104146476518848,3.5329480873100665,67.77454266332305,5.1728091236232725,0.2549175903668091
0toqxbv3tRQ,246.6048025956651,2.721792390236762,9.963503633304695,47.06415333261741,0.09011224303720368,0.0011502295425257732
NCnYYuU-deE,133.5542356321165,7.751102699043237,6.252982474662162,14.045812413976474,4.758511785663108,0.08353568412162163
oc0M1o8tuPo,209.05990304796725,4.469787219538044,6.607695657422737,33.715222446422004,0.7037379233594909,0.0024430230753311253
GToOGb7B29Q,110.91037671232876,9.057647405089815,2.260056958713851,57.837340658295275,1.6114222248197438,0.029618354692851026
Xq4cTfoGJ-Y,30.35920578083664,1.7821096590757082,4.460992614638449,21.379906063988095,0.20793640160259147,0.0008331783234126984
QwlBZc9MrJA,129.5100250588139,9.118824526677427,1.803648821205717,44.25444013561796,3.5297558298455787,0.0584327587182971
xUqjJce6d88,177.8439891648056,4.804746243569683,6.741954705950649,41.71513136776829,1.3679971071265902,0.0016180300245098038
At7OzVOtezA,97.5737461751302,4.208669480495792,6.201706271701388,12.911146375868055,2.115563770436109,0.0019775390625
0j4A2n3nRBg,182.30909189924003,8.323629815885559,11.591031184486376,60.32127063679246,1.3043172143793211,0.06414449439858491
c3lNmMxGDXE,137.78238529911746,7.2134508129833135,6.744137234157987,19.045798972800924,3.855679139146793,0.08306121826171875
RdV6Z4CbkXo,123.45077059276757,8.457009120064582,8.958466233311801,39.625074861380284,4.3545084269109156,0.06668067163275193
VMSXrxoP_cY,198.00693985376603,3.849971754679302,0.03744920444139194,16.999149234012517,0.8568444138258272,0.0034649188701923075
vQOby7llvjY,170.754532170665,8.584656454648034,6.242779356060606,59.98391466750842,1.6244310243741558,0.14106889204545456
kUXNIkptIIk,140.41393941564294,8.897318786433466,4.316677935154627,34.250080216354974,3.384207591077469,0.2291904361334571
onzBYbPZwg0,223.48139010996982,4.980184385535968,12.212512815304859,46.1316554955896,0.5034947645871278,0.03371988932291667
zPFGCvPF9mY,131.08279415457588,8.548144220929466,10.07899925595238,40.840581597222226,4.088016608906803,0.12665492466517858
FkdGNi94OYw,111.78822012452568,10.741941435399491,3.8738402543958097,70.42050264550265,3.097599215720133,0.04623558407738095
-dhHrg-KbJ0,202.2358726969259,5.687729951790041,2.1905887552719605,26.553523464768762,0.7986254722040286,0.0051627433736911
AhPQdOdnM2M,134.77170020517678,8.04189720598616,7.664934939674523,36.89128480990461,2.685018510887145,0.10121478456439394
2nAnT3PASak,142.00124517746912,8.055282184170137,7.040637860082303,32.512046950017144,2.4215919894980753,0.11117742091049383
qfsXr4Wirj8,237.6809975494399,2.5227815328928447,13.234910836762689,49.683434785093745,0.19620443884361755,0.001146858121141975
2nssGKBJbaM,99.09122604851973,10.009859661351172,0.5781215734649123,58.714679276315785,2.241739245006957,0.04273231907894737
sD0NjbwqlYw,14.904273503335672,3.368541959594145,4.088843210310029,44.17240127900021,0.11972644323096356,0.0005760621488764045
81pTSn6xsJA,133.04493843199714,8.157613606026535,6.266869923425099,40.574177091083826,3.3275261633650026,0.1001216343470982
PRf6iP-v6vI,238.72343048321758,3.7873751073646953,0.634765625,17.32106300636574,0.18773277151450296,0.0011962890625
KPpC3qVE5PQ,103.59723212017276,9.288094518751818,8.150692327235772,61.19350228658536,1.7936632610439343,0.037433903391768296
Y4WObfOWNys,150.93222519841268,7.203530194781924,10.859759424603174,54.094729662698406,5.580403514279648,0.016943359375
VTveQ1ndH1c,164.81582184730215,9.481017963672187,5.082356770833333,34.37945378175256,2.2143192673948557,0.10159462376644736
PltkCwau98w,115.48034495220246,9.842875687236898,2.325345406206416,59.86557560437006,3.700904201719432,0.058729814984309625
Gp3AORwr7bU,208.034768107786,5.661634401900353,13.519893552848401,62.64023694974105,0.9873968961892472,0.005255230402542372
yZ0IwscaGCM,169.31020906240886,7.411092717917003,19.28186060075824,69.03180136337124,1.7126225632065313,0.011605330339566929
JI7hCC4Mv8k,207.82307657675165,6.718727065623852,18.428430762852408,62.25171343801824,0.8701379655400805,0.0032958984375
YRgM1wSwtN8,78.71206277703901,5.6782205075678345,7.730622044917258,42.279903590425526,1.4290781590882948,0.0054469331781914895
mJz1DUUZ4VE,184.74005897499057,9.423390707105554,0.5573209928678678,28.666022663288288,1.1374578313298351,0.37764067778716215
GItmC9lxeco,134.03988898826907,9.830956096825563,1.7816556334371756,44.76850803965472,2.0635104848336923,0.11824848495911215
K4CoMMxQ_R8,120.89158801353553,8.334611723176776,9.837460438176008,40.684127642576215,5.967101810300379,0.11196332273230088
WIUO8FDaLJA,73.85844237721936,4.4625566517948085,3.388186390320733,26.62291599548969,0.9264944700797271,0.006810768363402062
0uYOC09peyk,98.5515115105578,9.452367943929213,2.0269908818879854,61.509294546070464,2.6550795869736743,0.09528778820503048
bTn66fbOtOA,123.32384439621912,8.244243499340188,2.6460923032407404,35.282458204732514,1.731881553967025,0.019076967592592597
QKnPsHAWrpw,114.94252796812063,8.51221147738872,13.752256483937519,65.51369624349151,1.9414470047732584,0.04460164280089522
ekr3xXj6Cws,131.07159765089165,10.508174846752857,3.0614336848422496,68.7850169324417,2.146424654087172,0.1378731433256173
Oz_9PMI8U0Y,129.0873310669713,9.95044896428197,3.972709479821803,36.859913440120536,5.9714340084716415,0.2056262897995283
xBzO_tFkvkc,241.95710107421874,4.399847262707918,1.6834906684027775,27.943215904706786,0.14571713368618314,0.0035780164930555554
kagWliivBao,188.5833219571067,3.1688403843658763,13.024973290598293,30.6928995858394,1.5150764271345591,0.0015790890424679487
0Oazb7IWzbA,136.88442082059558,8.824220910157877,8.926216457201088,27.702790043780194,3.8722440520181833,0.11154042119565218
Sl3sWe53YXk,170.04760579427082,5.360194939665199,3.8305104573567714,21.086334228515625,1.572262580115534,0.017627716064453125
AkSPhZsXXqo,119.90531654142391,7.314818771007148,4.1705857903719386,30.23366832553555,2.901765656356317,0.06648538880429025
SPmKyg0249I,171.02183067117159,8.771605982033524,6.791319631525383,41.008155793522505,1.6274532119810632,0.022197854929956896
Js5TSCCK3bw,237.3057060722832,3.790632954939877,0.6426221143018018,17.669234175581828,0.20638248082629893,0.0005806587837837838
rwFKa-dm4oI,90.63571833228907,5.998331022159292,8.846145311194654,29.33844757292537,1.7876939375843215,0.006969939497180451
YmCZglIgkCE,136.63821665551467,9.790406207977446,4.181233968997435,50.24288362886138,1.9220993590769704,0.078857421875
O4ndIDcDSGc,163.8688872515386,9.027450050064546,6.513957111818031,36.34518722970725,2.6177105995987464,0.18920752245508984
hzpCwzaP38U,197.94754527297883,3.491520854853791,14.231113616474707,33.89071645165237,0.8221204053372878,0.0024116330030487807
GwkwMYgcttI,88.53252778485674,6.560184191474472,1.1771912872352477,63.01312082342282,1.3384344810086533,0.08385446530963303
LIZ78RwhSPc,183.16315905051258,8.632090969729067,3.0399434730489423,33.7246558779762,1.2583955833473046,0.11482747395833333
uFczjcxFDpM,149.77126738522378,10.952804869936388,3.2714216820987656,32.85573881172839,2.8419213323087096,0.2370334201388889
iFuR97YcSLM,179.6029949396307,8.352984124195668,4.5738715277777775,33.89913687657828,2.0319040209111154,0.09966264204545454
ZMZOk2i1TBY,117.11607808825693,7.365617296631344,4.26975400499706,85.42554930922988,2.0183208247735034,0.017254541790674604
B9KITthfxS0,107.57596159573316,10.707535691414646,1.1761808714172262,48.880200436791576,2.9708910898338723,0.0723180938185307
0HzxqWBSudQ,194.40511253375772,8.413625824776965,0.03347800925925926,33.712017746913574,0.9237876754889194,0.2178927951388889
Ldi2ovn8E64,108.22648615761408,9.060386331246033,9.761606367807538,35.206856863839285,2.978375145800551,0.10586983816964286
7DGH7IqGytM,249.7350735270356,4.92687105444764,10.568029810455744,38.88610809494879,0.05219021441183075,0.003551182410529045
FCSaXPYJ1zk,97.58472078461966,8.970611292930483,2.2899854957805905,65.4356054779067,2.3749001216473977,0.04905449589596519
JGDoLc6ndWo,183.799915702388,8.166002182089702,10.277075553590146,27.05728654841457,1.174970080159196,0.12977225825471694
WYijIV5JrKg,159.6107576602306,8.529698139976892,1.941812701427256,30.18217536640577,2.250449873041532,0.1837340296961326
t1Kcbba04Xs,46.25033192575714,4.525801081619009,15.867274908371911,37.897616916232636,0.6451616954154809,0.003185696072048611
azHtcHDDeXQ,117.01643514868437,9.333154128109367,0.2491777363659531,29.22202412238787,3.797791809838844,0.12745260536123856
TqRUNHhxdVg,121.34798234551687,9.894193331829806,1.6164836799996063,39.60820859578229,2.842296451610962,0.15654996030600465
-XZjgAh9BjM,238.248517057713,2.036693141375861,7.316008040048544,24.68428798375135,0.1720398979417929,0.0005807228458737864
7lhVUedc1a4,72.59707563146786,9.007844687843948,8.571112472766885,42.23778552219499,1.1821833921062974,0.00907149969362745
MysB4SfoWJw,129.08153147875612,11.00364300858247,6.85139593422957,51.041186539746164,11.290881758906815,0.07963779120741482
xQHUHMeyT-4,121.31211600290828,10.29811821803282,1.883937654812456,32.55943899836341,4.542777458877144,0.030516023089171975
haqgNwPVrso,161.14167778040826,9.683090677475477,1.5940738767887206,29.758139664877945,1.9598529865092933,0.2966123638731061
5FUo-83-U3Q,84.67943076604816,7.9363865729976615,12.35084407171675,38.06915877591124,1.5873425208925542,0.0017212117852671118
1uKtNlPLPZw,186.54213886335785,2.1234295494258584,8.476796838527077,33.54607350752801,2.52117520147184,0.0009416852678571428
0C5UQbWzwg8,65.97832068810096,6.142080468768184,2.4823685489375595,18.967040320067664,1.1424674807186253,0.006695087139423077
MNnJE8ZFo8Y,48.90926745944553,4.648104975814856,17.16970994737413,41.745930989583336,0.7423739452169545,0.002536773681640625
y_1D9Tq8fI4,78.44175542534722,5.063353449567384,5.0447048611111125,27.39632161458333,1.2344326737369329,0.007861328125
wuzUbVsVR2s,60.722022569444434,7.345226440253086,1.4329020182291667,32.19635687934028,1.0426302587176401,0.05340576171875
ndGiKVDgbHI,45.939932929144966,6.2868302273791565,1.3598768446180556,29.31186252170139,0.6479734759336575,0.0088043212890625
Q0CbN8sfihY,33.90124755762147,5.356346097603341,0.493520696435683,16.394559251792113,0.3881913649492305,0.004536290322580646
WR7cc5t7tv8,27.295292019314235,5.868030319237254,1.6661512586805556,30.95509168836805,0.2927088515757307,0.0026143391927083326
m8e-FF8MsqU,36.71549724182348,5.893924753810621,0.6020980342741935,25.152032230062726,0.5286884917923015,0.0035124747983870967
kYzz0FSgpSU,75.14566637264785,6.831164425799438,1.0655101926523298,32.13086987567204,1.2737505183450757,0.03173828125
fn5WNxy-Wcw,88.31157685004341,8.223375025522891,1.2750542534722222,32.9374755859375,1.8315133449958696,0.063934326171875
A2WnsyLv5Bo,32.674186817956354,4.481352879278001,0.3361932663690476,16.033613901289684,0.5054296586334244,0.008283342633928572
Qaj32KnlMyY,45.889291449652774,6.714908496432336,1.4921261699879227,27.819618999094207,0.6348583957221615,0.006931470788043478
