videoId,voice_frequencies,non_voice_frequencies,mfcc_shape,mfcc_coeff_1,mfcc_coeff_2,mfcc_coeff_3,mfcc_coeff_4,mfcc_coeff_5,mfcc_coeff_6,mfcc_coeff_7,mfcc_coeff_8,mfcc_coeff_9,mfcc_coeff_10,mfcc_coeff_11,mfcc_coeff_12,mfcc_coeff_13
aircAruvnKk,3.3470551457320084,1.6008501166019178,"[115298, 13]",18.88595666,13.13757438,2.8996592999999997,2.66991532,0.77702855,0.66488092,-1.07115187,-0.82450157,-0.29306816,-0.02938098,-0.48940013,-0.24927298,0.12196716
_QdPW8JrYzQ,4.313061698120571,2.163776873781355,"[58831, 13]",19.55840603,8.92082843,-0.99341077,1.57045422,0.1231632,-0.29752726,-0.17574163,0.43967285,-0.23720986,0.52145172,0.03281349,-0.32017080000000003,-0.20591581
OWJCfOvochA,1.2371782156936435,0.6052420610474745,"[116697, 13]",18.63522647,8.60218909,1.22465979,1.10169871,0.47050148,-1.14881619,-0.86248381,0.0880105,0.30590368,0.2545332,-0.51535551,0.02404642,0.07837796
ZS_kXvOeQ5Y,1.147389089670813,0.576498477536047,"[128919, 13]",17.70334021,9.69642163,1.60489645,3.3712241,0.68494951,0.06304351,-0.33100226,0.20240625,0.34753949,0.02228629,0.10468187,0.22101154,0.046240300000000005
x7qPAY9JqE4,0.7580630238008232,0.4613856328558713,"[84044, 13]",17.34088113,10.32573537,-1.9338613000000002,1.6710396,-0.05064061,-0.02876122,-0.05269786,0.07895622,-0.16704658,0.29213226,0.08914762,0.17399077,0.15496677
9AThycGCakk,3.2507329329753527,1.6376419816777823,"[80915, 13]",18.51022905,12.23685008,1.45510398,1.62108293,-0.08641883,-0.51060874,-0.6160298000000001,0.4647621,0.07217335,0.10706819,-0.16625547,-0.16229436,0.264036
-ruC5A9EzzE,6.047879255633466,2.9863076990263737,"[50343, 13]",19.02208645,11.44519454,2.99896119,0.84002398,1.22409964,-0.39760069,-0.7718343000000001,-0.12971759,0.29368096,0.3343505,0.13581667,0.52053586,0.08806934
Lj1a8rdX6DU,21.27948412007253,10.483773770970604,"[30135, 13]",21.707842199999998,10.7831119,2.39874065,2.41548025,0.666732831,-0.008978737879999999,-0.35451579,0.555121795,-0.36432177600000004,0.261314204,-0.058590902199999996,0.0082636566,0.281801271
Zh3Yz3PiXZw,11.778813328371436,6.737574839608512,"[54690, 13]",19.8293404,10.703963900000002,0.817053237,2.22301807,-0.342984091,0.60603477,-0.00236051735,0.27801137800000003,0.0380383613,0.007454528509999999,-0.29141578100000004,-0.106274412,0.19266894899999998
bNpx7gpSqbY,6.353106249110091,3.3843180647486184,"[40049, 13]",20.350719899999998,10.5032738,0.9181363379999999,2.46408321,-0.403038396,0.024596359300000002,-0.191217992,-0.481068084,0.105631281,0.291737171,0.126526509,-0.149984206,-0.0116855617
kUr_gdKQ8j4,9.198067089270332,4.55910092220943,"[45123, 13]",20.36221946,11.18631678,-0.44000133,5.61163422,-1.31964542,1.82944695,-0.89335267,0.48792367,0.36213205,-0.51250674,0.51744864,-0.86202556,0.73697235
h0e2HAPTGF4,0.15037494961280395,0.07357154798191913,"[309034, 13]",16.91918725,10.29639414,-0.7678625,1.32370699,1.42546029,-0.52768566,-0.44350439999999997,-0.17625733,-0.48123305,0.19887786,-0.09152867,0.24692816,0.21129927
0hVuCWfyHP4,9.782681638673962,4.898958236945777,"[68138, 13]",19.772177300000003,10.70312089,2.24424184,1.38016288,0.02966924,0.31284126,-0.30932937,0.51316589,0.14207854,-0.02170047,-0.10477396,-0.28792328,0.10072253
QHydkEARVKE,0.9031750329024254,0.4619542566917844,"[118147, 13]",7.71748089,7.21823414,1.49840795,2.35418916,0.36542459,-0.52917812,-0.79752233,0.340115,-0.82020691,0.06957215,-0.09589085,-0.04441088,0.16974134
nKW8Ndu7Mjw,3.2964754074309086,1.7665065579169543,"(63542,13)",19.18439771,9.83013275,1.13245629,1.4809018999999999,1.17096152,0.10728812,-0.44600434,0.47780933,-0.20862867,0.32699167,-0.04890342,-0.32878913,-0.06612480000000001
BR9h47Jtqyw,0.3311683140886528,0.16054831037104844,"[199996, 13]",14.831026199999998,8.49174577,-1.00941467,3.11350532,0.486764445,-0.272408684,-0.73989079,-0.0915636067,-0.41887783,-0.522465528,-0.00266353516,0.0142664653,-0.19752127100000003
w82a1FT5o88,3.6741566162757713,2.8677294285092403,"[52656, 13]",19.6082523,11.905940600000001,1.02097195,2.36177873,-0.33177809399999997,-0.250009835,-0.647314771,-0.187519496,-0.36693836799999996,0.11669714,-0.00647620274,-0.0105012149,0.0380784451
pvf0zSh3rDo,0.8737547277258979,0.4283595606134881,"[140282, 13]",18.7500785,12.8940134,0.247050441,1.81093237,0.788618625,-0.25479844,-1.7112342,-0.145493252,0.35847131200000004,0.005655030970000001,-0.0817602003,-0.176181036,0.23475885300000002
MfF750YVDxM,2.914410876386897,1.4885063449917981,"[37302, 13]",18.86266982,7.27670275,1.96387496,2.39908111,0.64916268,-0.47361926,-1.53713108,-0.16961972,-0.30984520000000004,0.26564503,-0.15209455,-0.04357286,0.07440457
OoEpfb6yga8,2.652999161910945,1.3007078859509629,"(83950,13)",19.20570181,12.49637126,2.84148616,1.01843943,0.89063093,-0.44142401,-0.9790188,0.16510364,-0.49589934,0.11328843,0.10396003,0.03891209,0.09053344
e8QY0NDWqzk,4.387683451507938,2.2525196302308164,"(68555,13)",19.46036014,10.95999081,2.3793408,2.5367246,0.62180567,0.39534006,-0.34751336,0.26947896,-0.14502031,0.033590800000000004,-0.26193975,-0.10112957,0.02823675
EtJy69cEOtQ,0.7741354299607208,0.31816037966479005,"(139988,13)",18.44990609,8.73903779,4.11133142,3.47023852,0.73280873,0.34208131,-0.50995458,-0.96636642,-0.55155961,0.08450935,0.17703901,0.56091042,0.10378321
rmf04ylI2K0,1.3335676890451107,0.6720988750003621,"[84276, 13]",16.4923803,12.6705852,2.04882979,1.95745406,0.620707683,-0.643970785,-0.563711738,-0.39674759,0.320206239,0.132958994,0.009098421740000001,-0.0506693841,0.2709536
XZmGGAbHqa0,8.458860864491049,4.2092583503745375,"[32766, 13]",19.95597689,11.17062498,-0.17923029,1.94836946,0.27086515,0.38915476,-0.10903132,-0.19330515,-0.3713116,-0.02446911,-0.29568691,-0.08239846,0.23810639
QxuibIaQmsw,0.42563775578147545,0.22174577046752256,"[286039, 13]",18.67262726,11.72364732,2.94276777,1.78865138,1.2953421,0.19272814,-0.61746371,0.03731896,-0.36909605,0.14046428,-0.02781791,0.46601435,0.16957518
uAWWhEA57bE,2.01819768518841,1.0029237573532113,"[121350, 13]",17.9324794,8.27337097,0.8647102040000001,2.47074389,-0.44116128,1.06143581,-1.6665479,0.737877963,-1.93656937,0.7245528859999999,0.0143478604,0.545543613,0.7454455
4DgTLaFNQq0,10.723083345737834,5.396047582473678,"[39585, 13]",17.871599399999997,7.59355243,2.01507993,2.48935121,1.86419709,-0.707127478,0.7443982859999999,-0.49835362200000005,-1.00110558,0.586063301,0.240592969,-0.18238922800000001,-0.014894672
YFl2mCHdv24,3.6717672069998137,1.801910595304164,"[72003, 13]",18.44119423,7.12036199,2.55500301,2.96662993,1.46338229,0.64407165,-0.16990153,-0.11182553,-0.3816395,0.63324127,-0.31052964,0.83827179,0.56226722
dspdToaROn8,1.656693667949042,0.8304661245578273,"[37429, 13]",17.81640366,7.16487365,1.14122051,2.30081065,0.99886514,-0.63152505,-1.01285379,-0.30792191,-1.25444961,0.16529811,-0.06005366,-0.02136055,0.05155854
FHVuRxJpiwI,1.0065879437568106,0.4939434992369575,"[48409, 13]",10.95621415,9.2861858,1.51476168,1.46353431,0.07123435,0.4282311,-0.84480482,0.21138524,-0.2311494,-0.15126279,-0.45587326,-0.31197620000000004,-0.04184107
bcjSe0xCHbE,2.6632591435180717,1.3220766103539212,"[58355, 13]",18.081411199999998,9.31282927,1.63763461,2.68445832,1.08565186,0.61348405,-0.33361495,0.31898839,-0.64921171,0.69505199,-0.3037165,-0.60922494,0.23158743
9s-vSeWej1U,2.7958403507592497,2.2157666609967146,"[18636, 13]",18.734868300000002,10.4066011,0.7439054490000001,2.95191028,-1.41452274,-0.640813201,-1.81508472,0.712362554,-0.734497744,-0.0945326526,-0.735652933,0.0132303547,-0.651066616
1z0ULvg_pW8,3.4430107940376717,1.7337326758749003,"[44108, 13]",10.99366671,7.58686736,1.87703915,1.49304117,0.75625497,-0.34514118,-0.61792764,-0.28328524,-0.47413873,-0.27568075,-0.26159671,0.40654661,0.21535376
BgQFJ_UNIgw,5.424939431710922,2.8154545964435047,"[33518, 13]",19.98286145,9.32192464,0.66702955,3.37112754,1.19276287,0.45025075,-1.02120347,0.78855671,-0.82391114,-0.26567736,0.12857474,-0.09293068,-0.10138937
2-Ol7ZB0MmU,1.2064383834968664,0.5721397686241834,"[192716, 13]",17.74734422,8.13712098,-0.85911439,4.0495981,0.70923182,-0.84393882,-0.84641263,-0.12502884,-0.73783935,0.02400252,0.18980343,-0.12737256,0.15080405
711VklH-4fA,6.135975624031191,2.9501337236281038,"(128281, 13)",19.2839299,9.70181781,1.64922137,3.05697715,-0.0109171058,-0.108192734,-0.7851637779999999,-0.168271845,-0.09451755710000001,0.11628235199999999,0.0695176363,0.531078805,0.0759860234
d4EgbgTm0Bg,2.182471347344585,1.046152888493617,"[191038, 13]",18.86381577,13.27492659,3.95852654,2.79867025,0.71595127,0.38129569,-0.99604678,-0.55320282,-0.25642352,-0.07459323,-0.50014341,-0.29962184,0.04000503
yuD34tEpRFw,2.8893129483019195,1.5198812207263583,"[49432, 13]",9.65298738,7.15134583,1.63256869,3.31682288,0.32683644,0.70920037,0.07380963,0.16409398,-0.09862318,-0.15459899,0.14035317,0.1611885,0.03549257
wCrtk-pyP0I,7.59655980704641,3.752877219756562,"[49525, 13]",20.22102189,9.81735645,0.5946292,2.53706353,1.45754063,-0.17264385,-0.86356586,0.08145293,-0.60749301,0.6338353,-0.06121278,-0.38119757,0.31428586
AD3K8j12EIE,7.620545287307951,3.666670092498781,"[211789, 13]",19.17229362,10.35719768,0.3640261,2.39014675,1.19682856,-0.98465052,-0.5195835999999999,-0.3494442,-0.1467417,0.44994178,-0.3061793,0.35478644,0.37954746
kqSzLo9fenk,4.61164088399151,2.476036805177139,"[196571, 13]",15.99210459,9.06777067,3.10661384,2.16932623,-0.22828420000000002,0.03766921,-0.72360321,0.22410935,-0.23109859,0.35202572,0.42143326,0.28791002,0.35692545
aDW44NPhNw0,0.21919744694030224,0.10800435487774518,"[268258, 13]",14.693463099999999,7.99883648,0.0910839195,3.71483673,0.298045145,-0.135225481,-0.514329168,-0.49356115799999994,-1.62170658,-0.934018749,-0.013533898899999999,-0.08800926140000001,0.9710473390000001
qWcfiPi9gUU,7.6003420487843805,3.5392806963908554,"[66595, 13]",19.2146147,10.6669908,2.58925799,2.02199399,1.4329051,0.33958432299999997,-1.33429843,-0.122739251,-0.110553296,0.12254354199999999,0.0115309734,0.22602614699999998,0.415757627
FTr3n7uBIuE,4.32535470346423,2.0758501843305748,"[276359, 13]",20.5335861,9.25949213,0.6135498070000001,1.36835125,1.07685491,-0.665165255,-0.920839197,-0.26134662399999997,-0.0104754588,0.266918169,-0.144324343,0.6218036,0.48857620799999996
TnUYcTuZJpM,15.728404307127061,8.322048898098288,"[82402, 13]",22.2936727,9.39625272,2.23029138,1.07515516,0.851761305,0.18672556399999998,-0.7938491520000001,0.80301344,0.319264778,0.347517249,0.268519919,0.0195612228,0.532689345
trWrEWfhTVg,1.9575569891301523,0.9963469601265752,"[120606, 13]",19.00300996,10.47334453,3.39350611,0.97605802,0.51105532,0.25944835,-1.49288963,0.52774521,-0.7715265,0.36700999,-0.33820335,-0.047839599999999996,0.02897093
IpGxLWOIZy4,0.8566366050457734,0.4202615100307684,"[185260, 13]",16.02456685,7.90225693,0.77859927,3.54101142,1.24513261,0.19394889,-0.31881561,-0.65836341,-0.50124014,-0.17883684,-0.68440474,0.06252861,-0.13406168
0JDoll8OEFE,2.620103511632935,1.352486891497747,"[73226, 13]",19.32894758,9.09627606,3.67016774,2.20954584,1.28913606,-0.36282217,-0.84579366,0.9174785,-0.5793017,0.12859183,-0.28262248,0.11611236,-0.1819949
liJbB_0eCTo,5.135299946638667,2.483391579521073,"[80961, 13]",19.96913808,9.20655207,1.69501292,3.40169239,0.61316081,0.14101747,-0.51489495,0.36197163,0.02484657,0.14133410000000002,-0.15790982,-0.07276196,0.19782581
lfo8XHGFAIQ,6.525614045477048,3.1875661773816395,"[76751, 13]",20.87056577,8.76739269,1.06713399,2.76567863,0.92884505,-0.88052523,-1.0456691999999999,0.39751759999999997,-0.91539204,0.60290308,-0.81056448,0.16610996,0.40914612
G7oolm0jU8I,3.8549122204883854,2.0511595210885005,"[34654, 13]",18.50701353,11.32570243,0.31298729,1.64058467,0.91406549,-0.21820131,-0.68337138,0.24500173,-0.05815539,0.30728651,0.0580372,0.02566882,-0.0785413
63NTeLmDANo,4.247428055342228,2.151428517061741,"[72821, 13]",20.64103376,12.71074047,1.07995306,1.40078951,0.26713532,-0.96612926,-1.17268632,-0.21261758,-0.14776364,-0.03510219,-0.46905272,-0.24393769,-0.14155692
kJzSzGbfc0k,4.114644603777295,2.073742065421273,"[87123, 13]",19.5893766,9.50793975,2.522645,2.3745514,0.232258529,0.550108654,0.107868832,0.569838507,0.41669689200000004,0.184738333,-0.13191096900000002,-0.00497125889,-0.12477832300000001
XKu_SEDAykw,0.4273469269142683,0.21120606213719406,"[144143, 13]",16.99087095,13.22260486,1.93912455,1.73460761,-0.14369402,-0.10349083,-0.93977315,-0.35143022,-0.0761812,-0.08497725,-0.22201482,-0.20015883,-0.04508668
5F28PzoeDn4,2.0548177038486384,0.9217276679151084,"[153651, 13]",17.87112066,10.09780188,1.75416037,1.46395087,-0.20601955,-0.67330219,-1.61197783,-1.56160798,-0.85298395,-0.17862097,-0.19658108,0.27415986,0.10241958
SAsWFgpvYhA,8.145069686920529,4.02231192156454,"[84795, 13]",20.52178334,8.20280869,2.58016507,3.9956758999999997,1.09987382,0.17488693,-0.74774934,0.60735939,-0.55252922,0.27162708,-0.40585383,-0.27101476,0.70081063
t6rHHnABoT8,4.7613233059202775,2.398913392481464,"[69249, 13]",19.6948804,11.171345,3.69611071,3.44779083,0.7999258440000001,0.261888119,-0.114838806,-0.111355475,0.128174136,0.549141871,-0.19848647100000003,-0.00976157771,-0.0692452441
3FxdPlqTVXw,10.971896256569972,5.731496727176332,"[67746, 13]",21.15983974,8.84166597,3.29255184,2.9563537999999996,1.20584405,1.14474798,-0.04572697,0.59589404,0.18957154,0.17680761,-0.14675184,0.05628489,0.48381540000000006
c8_BIamLESg,5.1541322620134595,4.459068457822572,"[38968, 13]",19.56968287,11.77844561,1.00652999,2.45858541,-0.43953248,-0.25862981,-0.75499027,-0.28901485,-0.42142154,0.09831532,-0.03034357,-0.0459862,0.05753405
rojft7g2BSI,1.630483545777306,0.8265885772857058,"[239456, 13]",18.16798487,9.75505367,-0.39768973,2.08114096,0.6518531999999999,-0.55100957,-1.16892468,-0.02201744,0.27131999,0.48970401,-0.09456885,0.12591728,-0.30599829999999995
E39GIysMevQ,3.57274702062832,1.8415281999179265,"[49031, 13]",19.26277733,10.14901905,2.08244842,1.58242068,0.29884465,-1.29844518,-0.659906,0.71669891,-0.95951927,0.23238186,-0.06645245,-0.35543109999999994,0.1073883
-Yh2QGJBd2U,7.940614131531488,4.014523048641235,"[49749, 13]",19.7985411,9.16215945,1.72944456,3.83316344,0.8139167340000001,-0.577595072,0.789068586,-0.256020297,-0.21999107199999998,0.283910173,-0.131797048,-0.0019200666899999998,-0.0766850487
TRzBk_KuIaM,0.2302819058219545,0.11445925562694922,"[75792, 13]",16.74260698,8.15376209,1.26815478,1.49620848,1.39342105,0.83086465,-0.87341922,-0.70489829,-0.43315884,-0.10209242,0.24937412,0.46400871,0.52485686
ssdyoPpDEys,7.689314226380638,3.872987029934492,"[40318, 13]",20.512660500000003,8.9562222,3.44481946,2.15678239,0.251829756,-0.0995645673,-0.8576519220000001,0.692054935,0.008760375490000001,-0.0695074796,-0.477957171,0.0586168214,0.18536528100000002
I1hFKCFT8bQ,5.782674295423527,2.871652796309525,"[70878, 13]",19.82118699,8.62744383,2.54595981,3.12341489,0.61440176,0.05879209999999999,0.40805659,0.4785534000000001,-0.41431516,0.51463222,-0.13647788,-0.10070264,0.36652941
ZPw9dSV6y2c,7.380671384270581,3.7329243915499375,"[46331, 13]",19.59599478,12.7883257,1.28956838,1.16249028,0.70346723,-1.01653536,-1.05211572,0.18762485,0.23739683,0.32806978,-0.05651608,-0.19688764,0.09519223
78-1MlkxyqI,2.5665026273924436,1.2687157318384783,"[21862, 13]",14.610617900000001,7.78847556,-0.975235235,0.25312113199999997,-0.33704851399999997,0.6198382179999999,-0.7083437309999999,0.00373824937,-0.144910196,-0.36992094799999997,0.25347856,0.022482840499999997,-0.11542341800000001
_4ruHJFsb4g,4.067991250696428,2.042184387228746,"[47135, 13]",19.69945934,12.47587693,2.36884006,0.74665522,-0.25578850000000003,-0.58878815,-0.77645332,0.02652098,0.35207306,0.37452213,-0.17713149,-0.26263308,0.11912484
R0bVxbRCd-U,0.9104861135709548,0.4371511966950601,"[17888, 13]",17.12473071,10.46624049,0.49401783,2.87949179,0.8522973,0.02797787,-0.65895069,-0.53277708,-0.06570501,0.52931318,0.61128315,0.89433343,0.09781522
j6B-HYsvkvo,26.584075185861764,13.662183716673963,"[84226, 13]",22.5032229,10.808647800000001,0.6766481440000001,0.902712205,-0.252188433,0.42691772899999997,0.193884296,0.569311868,0.2590323,-0.0486089092,-0.159833574,0.00516846823,-0.045212828
MTY1Kje0yLg,0.5364173362473365,0.2728971889454598,"[59726, 13]",16.828624899999998,4.13791545,2.38950819,1.06840593,0.08336410000000001,0.17188345,-2.35908409,1.82961277,-1.39622629,1.05741514,-0.8006367,0.14067905,-0.7392685
mV_Z3Zx0xIs,5.521791199230906,2.791219862989561,"(31544,13)",19.195121899999997,10.0386135,0.786174316,2.06748745,-0.483777752,0.362578323,-0.329256225,0.8322932009999999,0.103809476,0.0068601486,-0.133972591,-0.23666513,0.202661015
P4Rzd21U-1c,6.744864659241527,3.3366412377507233,"[79405, 13]",19.99938586,8.5336021,1.7782401,1.8617511000000002,0.36072112,-0.06237613,0.25596871,0.22265985,-0.14196492,0.20497363,-0.53607999,-0.09225836,0.13455597
bjMqJ--aUJ8,24.477408564032068,12.41637150493634,"[34351, 13]",21.38778193,11.14076115,2.21387258,2.64295736,-0.07485753,0.28616382,-0.06021733,0.92510996,-0.17574077,-0.11794695,0.22158397,-0.29550329,0.58047728
ZZZ7k8cMA-4,4.648859560690938,2.5328299301446373,"[86935, 13]",18.38576592,9.86366034,-1.44029511,1.78789717,1.12514462,1.24836623,-0.78485292,0.21137497,-0.18530253,-0.20679654,-0.18722036,-0.04485738,0.72228459
NtxZeDYuEZI,4.077579017398115,2.0390670011345984,"[22472, 13]",19.23116669,10.10938681,-3.28108277,2.7706842000000003,0.12182153,0.31210281,-1.02841396,-0.39339142,-0.8707710999999999,0.69708848,-0.39869664,0.14117706,-0.24385988
Yl_FJAOcFgQ,1.6883651043857526,0.8412248691290559,"[45656, 13]",16.09475298,8.49695362,2.50879062,2.1452822,-0.28399634,0.65906372,-0.99354992,0.60791071,-0.22379347,-0.08480631,-0.32368444,-0.10075014,0.02738544
ghMZe9NRAgY,17.981900130057348,8.926585040005627,"[39358, 13]",20.854044899999998,11.889515199999998,0.900674958,1.83417585,0.135946879,-0.0747116095,-0.551394942,0.5059255229999999,-0.0191591398,-0.0402605255,-0.06762219950000001,0.09858920480000001,0.0669835453
R1vskiVDwl4,3.09348750821195,1.5913666251375955,"[70412, 13]",19.92228183,9.52933645,-2.09877669,3.24797188,0.44592104,0.44068276,0.42890288,-0.16287182,0.39406275,-0.10617733,-0.19250051,-0.31391641,-0.08768286
M624T3PTggU,25.475005570400356,13.151808321119116,"[149221, 13]",18.47616129,4.84134291,-2.10200299,3.94201773,1.01764425,-1.01125196,0.03394623,0.23449852,-0.81850476,0.27593541,0.05491892,-0.03839255,0.37779139
AL1-Xd2HTWU,1.9609611248138192,1.0372574603265607,"[104436, 13]",11.73654499,8.68963313,1.92387793,2.56573616,1.21540124,-0.29702238,0.16350577,0.1738119,-0.30338537,0.23525543,0.29409634,0.13397073,0.07237927
kLBDuWvcy7U,1.5975782005824628,0.8421408971894806,"[45274, 13]",17.19580582,7.81660924,-1.74737342,2.80195784,0.77329521,0.58268745,-0.53695042,0.09473403,-0.17282964,-0.03480095,0.13310712,0.28642786,0.13924301
esmzYhuFnds,0.10180528792337673,0.04874392242734008,"[303937, 13]",15.527614000000002,9.1733142,-0.952186124,0.24812092100000002,1.07427289,-0.270131771,-0.9319240759999999,0.0651552659,-0.09711341710000002,0.19785359,-0.00317693615,0.440586428,0.29099076100000004
zn1SJOPgewo,0.966295713168074,0.4827235501667375,"[209962, 13]",18.27943827,7.67597113,0.90842399,1.0328113,0.817905,-0.58687713,-0.43299308,0.21427190000000002,-0.72919145,-0.66292507,-0.13124149999999998,-0.13724904,-0.03397071
Y30VF3cSIYQ,1.2179617147431017,0.6558100917785507,"[52479, 13]",18.27686896,11.0500931,3.34575496,1.73398705,0.93992906,-0.02761364,-0.63979817,-0.12954319,0.03643681,0.28575225,-0.1232617,0.28829116,0.12588098
D1R-jKKp3NA,1.3273814270151132,0.6662084692838909,"[87362, 13]",17.05709425,7.05199518,1.8252509,4.13909524,0.54816103,-0.70518475,-0.93928273,0.83555801,0.49125675,-0.25832132,-0.13963174,-0.38702377,-0.10429449
mbDipVRt5aE,0.7758328370343491,0.3922751997960253,"[54267, 13]",17.28677827,6.81397621,1.55238155,0.58557173,0.39219083,-1.35310274,0.38971165,-0.23610602,0.57381512,-0.22402037,-0.65038444,0.29821777,-0.59462996
TUSxq7KoTsM,0.6673501791016765,0.3363788836207432,"[121827, 13]",16.57022501,10.29729331,1.4425938999999999,0.06319891,0.38221613,-0.90377418,-1.41648984,0.93278439,-0.04374344,0.16164234,-0.20972614,0.0774397,0.12843318
XIXvKKEQQJo,0.3479041060221377,0.1686691665198538,"[82477, 13]",16.98066281,11.29684726,0.18261259999999999,2.15616183,0.50448096,-0.56528864,-1.05916736,-0.12708819,-0.20654629999999996,-0.0488318,-0.16275596,0.21949438,-0.08869423
aDhTeLWJBxI,2.9845855616881987,1.4778561107981982,"(229237, 13)",16.801892000000002,9.58722719,0.396898824,1.23542939,0.27049631399999996,-0.0299257877,-0.552852936,-0.0785428355,-0.132048632,0.214710047,0.0135045216,0.33654235200000004,0.170527079
4yzaG0Ia_fs,1.575623838531696,0.7733630895919474,"[262392, 13]",13.404137099999998,9.25586907,2.13798004,2.71422308,1.22707221,-0.297785536,0.17208413,0.00372269559,-0.246233024,0.132045101,0.25073004600000004,0.127002619,0.00856348811
KzG-mJgj-E4,16.646056791557893,6.964932488254392,"[53236, 13]",18.60085308,6.96781506,0.21603516,2.68009518,1.42698973,-0.39293303,-1.00907032,0.29509755,-1.13600683,0.30516244,-0.05128735,-0.29727997,0.29062077
Q0jeohWnmAQ,26.862675559643694,13.398445223566187,"[88530, 13]",20.763148,0.965198533,-0.17690737899999998,1.46634092,-1.24300411,0.436451971,-0.007746480909999999,-0.993928888,0.379742993,-0.37227444,0.101148136,0.324933668,0.228444452
a5ZwNfzusLQ,8.616192358363119,4.691186589437526,"[41580, 13]",20.8368005,9.43671959,-4.27288215,0.750028171,-0.821843839,-0.674049738,-0.577546229,0.711584543,-0.215832878,0.497882221,0.0756504893,-0.28461518,0.019472477
i1AHCaokqhg,4.999600034261966,2.6164634958842727,"[122933, 13]",20.47376843,11.06608663,1.65462913,2.01165418,0.35424332,0.46928613,0.09444989999999999,-0.10300610000000002,-0.43741329,-0.04631088,-0.53669399,0.24414443,0.25299863
9tnLXvr6cLM,0.6132973977827221,0.3067671731296594,"[82565, 13]",14.61581295,8.64715735,0.58110394,2.43655153,0.39248066,-0.17928484,-0.04677927,0.87448708,-0.68344954,-0.78214344,-0.16329649,1.01252289,0.66239253
wlk1DLm-BjU,2.4052406886636577,1.218600679664308,"[45766, 13]",6.83163625,7.50381476,1.71188204,2.07826614,0.387203955,-0.756136947,-0.55671644,0.19653738199999998,-0.546688805,0.00121860995,-0.056953230199999996,-0.0888415885,0.0766420652
q9tYsvRg1as,2.2290396608312317,1.1158005989609672,"[186035, 13]",7.10419729,4.65828809,0.37680653299999994,2.6817366,2.1484809,-0.8944398179999999,-0.691787247,0.191827838,-0.211225312,-0.16914781,-0.188687522,-0.0051474741299999995,-0.17641084699999998
gIR65Mz8mHQ,1.5756796851379071,0.7797607157583667,"[76899, 13]",7.418973299999999,7.04683384,1.67546791,2.4349031,0.5263691,-0.70308413,-0.52534953,0.29145812,-0.51115228,0.03028858,-0.09101758,-0.01329769,0.0715077
7UeRnuGo-pg,1.8498188457015765,0.9227631674886624,"[152866, 13]",18.94242881,13.31227683,0.76985084,1.20669125,0.43127426,-0.49171839,-1.47285593,-0.13588065,0.07129889,0.33811039,0.0672917,-0.19480043,0.17864588
zORUUqJd81M,2.5364949627552784,1.2569361879559064,"[104115, 13]",19.881771399999998,9.53235761,0.8162805740000001,1.68537463,0.45937742600000003,0.253398725,-0.976454032,0.0198212248,0.19705165300000002,-0.0492978149,0.054302945899999996,-0.0703607679,-0.252215304
q7prQTS_N3Y,4.408405305647777,2.2638144551173442,"[119972, 13]",20.1115984,12.4574748,0.510827944,2.11890218,0.132561255,-0.0101447614,-0.27756435399999996,0.28725227600000003,-0.308692939,0.000684589698,-0.31038311,-0.009151121529999999,0.163558318
1-JAx3nUwms,2.0116644146229317,1.0058211975081424,"[100667, 13]",19.594412,8.97788556,1.55631351,3.24772101,0.08762134810000001,0.19201711,-0.152288166,0.785542092,-0.17245706600000002,0.16374081,-0.271239819,0.20305725800000002,0.0007564893799999999
8FHBh_OmdsM,0.8224792664762448,0.4118797938076191,"[368147, 13]",18.2764785,5.85693027,3.05460715,1.61966853,0.986494442,-0.0986671744,0.00273371562,-1.40568284,-1.15599708,0.0460762892,-1.08543724,-0.41172957,-0.35045677399999997
d0yGdNEWdn0,0.4401613236139185,0.2304061307895313,"[110615, 13]",17.78397393,10.24797255,0.1576906,1.24194449,0.03947418,-0.64940092,-1.28855267,-1.36640235,0.06587677,0.35331688,-0.46699671,0.87804432,0.14118825
w7BMaG3zyVo,5.163541116138108,2.6144254586808358,"[84873, 13]",18.547404500000003,10.0107129,1.89516201,2.31991955,0.164756658,0.267881461,-0.36649977799999994,0.302656795,-0.0791657858,0.00368928414,-0.301399502,0.108740918,0.0362799033
LIEuU8CZjGQ,710.2973920305432,277.5381933457289,"(170476, 13)",21.958675399999997,10.72273554,0.23193344,2.13259764,0.87766003,0.59828419,-0.80169402,-0.10534878,-0.25550468,-0.05855005,-0.03380378,0.26362364,0.12180831
wcKyq-e-Soo,25.676396241283516,12.635202157965749,"[42112, 13]",23.024468300000002,8.76886729,-0.71708978,-0.50836929,-0.38329598,0.23529846,-0.33601032,-0.05344019999999999,-0.18961134,0.17884508,-0.06794034,0.18185365,0.14049203
tI8ijLpZaHk,7.388700454734472,3.507062320265525,"[61798, 13]",20.251364399999996,11.89408424,0.63310582,1.93198837,-0.76559373,-0.84563366,-1.4053396999999999,-0.23562370000000002,0.23029597,0.28594271,-0.06863773,-0.41636342,0.13562615
HEdPX8pt_DQ,5.723851312499733,3.2338192753270607,"[63709, 13]",20.5427412,7.43466505,1.7299506000000002,3.91592117,0.29848283,0.20802851,-0.32226732,0.30271534,-0.87105952,-0.19571824,0.35230495,-0.54799144,0.053109500000000004
pkdgVYehiTE,1.4637134467477169,0.7305782598828261,"[105979, 13]",17.98017566,10.08920818,1.7382673,3.17698762,0.46931016,0.10561563,-0.29470695,0.12659261,0.36498774,-0.04030801,0.06927979,0.22633720000000002,-0.04279759
7bE2mI4ePeU,0.6450970538062097,0.31898156504475084,"[91389, 13]",19.089282100000002,10.7677069,4.07652514,1.8828509,0.13387960599999998,0.6839449329999999,-0.7189020770000001,-0.8879711220000001,-0.400718714,0.585756161,0.0125127968,0.403709294,0.5348946489999999
aJdUVRAKmB8,1.5564281414114935,0.7922100351562256,"[54959, 13]",17.45610706,9.86975533,3.64941556,2.49186883,-0.10698397,0.17994893,-1.26710263,-0.41730212,-0.14290029,0.20543072,-0.03633719999999999,0.44572901,0.49269877
G2_Q9FoD-oQ,2.4591023833904733,1.2492784705618911,"[71105, 13]",17.69711417,10.472795399999999,2.24388068,2.59542742,0.69870331,-0.08760879,-0.48538604,0.23874092,0.37175572,0.32427113,-0.18389651,-0.09960236,0.29837553
XF3P3KRn7EM,0.7925858594841015,0.3912101391504916,"[115312, 13]",18.1395782,10.255294699999999,0.0596868151,1.80770616,0.9367361609999999,-0.216512868,-1.40252385,-0.038201036699999996,-1.0132559,0.145193501,-0.0153712871,-0.4722361,0.277916057
rc57xiKQal8,1.859750883484613,1.03076388023085,"[47917, 13]",18.2458704,10.6981499,1.11416536,2.12549455,1.07756906,-0.214452222,-1.66395663,-0.787965633,-1.09134657,0.44429975,-0.0181550963,0.571897376,0.538548315
kE7D7qFayVg,35.99571826621256,17.71967148744298,"[78987, 13]",22.6134,9.22869126,-1.51722721,2.03606709,-0.326870873,0.48248331,0.167664561,0.967361015,0.44827369200000006,0.0130460109,-0.37461116,-0.17412067,0.35139617
X5846PYLWIY,2.2023980294515075,1.0860374330263132,"[30827, 13]",16.7391495,8.97982041,2.4267379,2.5208144,0.9989617690000001,-0.824127697,-0.282619817,-0.27124738,0.393229537,-0.041495762799999995,-0.00505134224,0.126844067,0.288586057
DxbMzZ5a2Zg,3.1257375187557748,1.6829648622465498,"[68412, 13]",18.68145245,11.63344152,-2.57613109,4.55305311,-1.17434551,0.92871423,-0.56699309,0.0723083,0.03064817,-0.65993785,-0.05209429,-0.82465207,0.35636044
pynDvIsLoU0,28.787597892928915,13.912719189602733,"(60123,13)",22.779555,7.2986178,-0.580194306,0.3975799,0.0359851019,0.250533484,0.24831080600000002,0.483261932,-0.0796144854,-0.041723152299999997,-0.287235979,0.0137730826,0.0682081313
MHTa3aDczCk,1.4981070341383718,0.7760909036852466,"[137171, 13]",19.59260271,12.82311234,0.51774973,0.6392951,0.03539317,-0.7722319000000001,-0.86875962,0.06620919,-0.03436105,0.3289776,0.15435345,-0.16469506,0.1294006
wKpZXVz-Jvs,44.87967304623291,21.04680609867623,"[43363, 13]",19.839019399999998,6.94805057,0.8371578909999999,2.46267981,2.00263799,-0.158109713,0.006546334599999999,-0.133053212,-0.487346186,0.212923083,0.09153144560000001,0.45606465700000004,0.39957355299999997
QoqohmccTSc,1.3154417042849322,0.6763237664155911,"[111951, 13]",18.0633407,10.796641699999999,1.42748704,1.80903125,0.573152514,-0.06359249139999999,-0.6529642179999999,0.188675667,-0.12345018599999999,0.232642651,0.0121879339,-0.0571232109,0.0325115039
qiN67V5q3C4,3.6098954765523903,1.8580532516777415,"[87746, 13]",19.206282199999997,5.96427392,-0.0760893314,2.84288434,3.0242623,0.253614711,-0.909130062,0.377699478,-0.244705532,0.00640828885,-0.225040677,-0.191202168,-0.293554621
w-eX4sZi-Zs,4.507630168360132,2.211173435245996,"[354245, 13]",21.16813384,10.44572747,1.98752087,1.93093558,0.39220772,-0.07467352,-0.14000067,0.11558669,-0.09793927,0.11636714,-0.21542809,-0.16580045,0.09860567
Nn-_8IniOVk,3.4777652687536578,1.8477572191716511,"[57358, 13]",18.8903638,10.980903900000001,2.5757436,1.88516652,0.71656532,0.0007489172380000001,-1.11587767,0.207394772,-0.207986095,0.154235653,0.05745197639999999,-0.338764994,0.0982345484
QaoVWtLX038,2.351156550967297,1.1863515462113492,"[52799, 13]",17.66975745,10.2462829,2.54438059,2.41271907,1.57094692,0.48492921,-0.16451361,0.81306713,0.11507668,0.17381481,0.39054225,0.28118338,0.01878251
cC0KxNeLp1E,1.4408184632035943,0.6254318398008271,"[103599, 13]",15.0806522,8.57148968,-0.6165585060000001,0.7135806370000001,0.476273049,-0.330666739,-0.49124531200000005,0.0134211765,0.0757693592,-0.0478008636,0.159812835,-0.052376525800000004,-0.12248710199999999
MmfikLimeQ8,2.9607306080801283,1.4957774512808752,"[93123, 13]",17.78751122,9.53332309,-1.91042228,-0.07621921,0.19923302,-1.85823096,-0.09137705,-1.30105865,-0.8049970999999999,-0.08567614,-0.24684587,0.15057922,-0.19466464
MdZAMSyn_As,10.979140648826053,5.5327095121127465,"[115606, 13]",19.18233845,10.12000305,0.66556522,0.20872267,-0.04681949,-1.44665931,-1.23939641,-0.05217302,-0.57650668,0.37091011,0.22892305,0.19287794,0.43367317
677ZtSMr4-4,2.7001668358416278,1.4466439341328623,"(56542,13)",19.79173113,11.10365929,2.42204468,2.308694,0.26745363,-0.12630258,-0.92625742,0.03554666,-0.15880864,-0.02533355,-0.29887146,0.29626049,0.16190498
bKjH8WhSu_E,1.6204556236705725,0.8315852568075592,"[106189, 13]",18.87780337,11.09246848,0.88564695,2.80201811,1.24711765,-0.33107525,-0.39006776,0.33190014,-0.3797216,0.36293872,-0.06211338,-0.13506395,0.25370354
KMX1mFEmM3E,3.3503728443839846,1.7098002154079552,"[92830, 13]",18.6543082,10.1793735,1.31764429,3.30389257,0.8423855159999999,0.23808923899999998,-0.594537486,-0.0375917267,0.274461368,-0.3703804,0.00535033164,0.0035387050200000004,0.0150040618
LooL6_chvN4,1.347211679366782,0.6559999044833644,"[93218, 13]",17.61078734,7.89331624,1.95139551,3.30605331,1.00094726,-0.16172326,-1.3574114,-0.17871333,1.09186889,-0.57008957,0.12278368,0.16379971,-0.27072992
0NAvTEQ9eXQ,1.4143275171083802,0.6551457652947916,"[76031, 13]",19.26524016,8.71478393,1.07881228,3.23247586,0.9141720999999999,-0.12551006,0.57780424,-0.36745705,-0.73677301,0.58527476,-0.17578005,0.38214794,0.27871233
Qmla9NLFBvU,7.9967337808432495,4.063483703333897,"[74881, 13]",20.949948000000003,10.2047561,4.23313273,2.8075752,1.28969891,0.503532609,-0.195642805,0.772209048,-0.913521274,0.10125843300000001,-0.60622192,-0.0152302213,0.36942000399999997
fvPddKyHxpQ,3.1739355837159167,1.6166642004614569,"(70463,13)",18.60195186,9.8917778,-1.90061302,4.86278535,-0.23190689,1.251742,-0.6024001999999999,0.54785352,0.37758149,-0.03485077,0.09521286,-0.38786455,0.47700950000000003
SWZ_4YBFBhs,0.9357996304037453,0.4818268103211817,"[140295, 13]",17.6962663,10.345756699999999,1.25611257,3.21594915,0.683956545,-0.00997352592,-0.255666363,0.18423829100000003,0.259842174,-0.0349658116,0.0627747905,0.189662479,-0.0687116785
uD3p_rZPBUQ,1.4292567719694151,0.7685487223014098,"[94003, 13]",17.75259891,10.26940635,1.27316826,4.26665712,1.63707775,-0.84286807,-0.54764156,-0.36678481,0.65576641,1.06304171,0.22657309,1.04962321,0.91738714
r6UcW9xLxwo,5.1187719133017335,2.7484742433894698,"[42982, 13]",17.15256635,12.48557371,-0.23676106,0.02401644,-0.56282725,-0.32178856,-0.27214923,0.09614659,-0.44319134,-0.20237459,-0.41113207,-0.32328771,0.13785595
CMGpPI0QocY,31.16773842209121,16.289265403957366,"[40900, 13]",21.97858564,8.07045495,-0.03656763,1.43526926,0.08059582,0.35321173,0.02892493,0.41825324,0.04013969,0.03754415,-0.11419619,-0.0834913,0.09573207
GhlLtd19szw,9.36100941215683,4.545884574333956,"[43772, 13]",20.14594378,10.15423788,0.40354637,2.94831302,1.29765868,-0.29897225,0.15691019,0.65158675,-0.58578342,0.25192473,-0.15911173,-0.22549801,0.22878541
CIx0a1vcYPc,2.4104660009016947,1.792950381821656,"(53932,13)",17.31984152,10.05457638,1.68760445,1.90247545,0.47138763,0.43418094,0.05741297,0.66763854,0.11723644,0.08902428,-0.22419992,-0.11461123,0.28169440000000007
pasyRUj7UwM,3.820116348053944,1.928573318205168,"[40644, 13]",18.10009369,10.31023116,2.86303639,0.64804052,1.19889308,-0.2525754,-0.62087069,-0.09655841,0.53206882,0.36474082,0.14720883,0.58797167,0.04488774
iphcyNWFD10,6.016611614805999,3.127208440992653,"[54664, 13]",20.17494667,11.95519164,0.76130308,1.99759983,0.60195011,-0.32499435,-0.34458517,0.17360466,-0.22800638,0.27567362,-0.10298473,-0.27453126,0.22057946
DRxAVA6gYMM,2.5849662973227963,1.2856284656781014,"[68915, 13]",16.69099198,10.85797103,1.9072016999999999,0.95683998,0.76342191,0.3560345,-0.62975243,0.04987882,0.19874159,0.33778735,0.07471937,-0.06180751,0.05712795
oAHbLRjF0vo,4.357773731561761,2.2122670505702136,"[57110, 13]",18.28736552,9.93270832,3.42082531,2.07325777,0.80189612,0.13559923,-0.47768249,-0.11847746,-0.38273587,-0.19468441,-0.3885606,-0.15288654,0.06217368
4fuHzC9aTik,2.9628050834218618,1.514007522637415,"[60263, 13]",18.18906942,8.7099033,2.63813373,2.30692935,0.92712638,-0.15936273,0.37678356,0.60873424,-0.61937876,-0.1083905,-0.1213636,-0.44825181,0.28416623
zUrDUxh5xS0,6.7169584507500275,3.396968186812612,"[58112, 13]",19.16119375,11.08068299,1.6447919999999998,3.03384385,0.76395915,0.17025722,-0.37986754,-0.07359255,-0.14884506,0.03634471,-0.18919551,-0.19308920000000002,0.44410259999999996
ENK245mtPTo,9.210199572931321,4.661914690272896,"[37015, 13]",20.6526961,10.1776593,2.58796397,2.15658919,0.0463170353,0.211532902,-1.08632811,0.684780707,-0.361232958,0.35922736,-0.311581326,-0.111161665,0.000291317009
9KABcmczPdg,2.9417756615347086,1.5166461386064234,"(69865,13)",19.88430476,11.73014218,0.69298847,2.44674876,-0.29723703,-0.26439523,-0.68303065,-0.21919808,0.47417058,-0.18647561,-0.45932392,-0.03894738,-0.02216919
Iy7NzjCmUf0,3.787252629257579,1.9061169655152104,"[62735, 13]",18.82084728,10.75168517,2.47741943,1.91270519,1.09686694,-0.44528013,-0.52067047,-0.11753648,-1.24587649,-0.08419362,0.18997587,0.31204447,-0.16058708
sj8Sg8qnjOg,2.650093249210521,1.3056496063454024,"[91291, 13]",18.39688403,9.31320809,2.93893811,1.09819343,1.31851437,0.10038437,-0.97765283,0.18035723,-0.05399352,0.30388737,-0.21535629,0.28702944,0.14778454
-eQaF6OmWKw,2.2962203804092187,1.1276995110197243,"[109067, 13]",16.02341658,12.215386,2.54863928,1.68280851,0.58353119,-0.18146608,-0.41696459999999996,0.11340279,-0.24726244,0.32554707,-0.43124484,-0.07136969,0.26085289
A-QgGXbDyR0,7.048611092552157,3.5571543969527277,"[33090, 13]",15.126371300000002,8.1021081,1.88305805,3.49994751,1.29110881,0.8463544470000001,0.229732792,0.6564208260000001,0.19048569899999998,-0.0587179096,-0.133042239,0.105786512,-0.0129471526
9hUIxyE2Ns8,0.9360487432802324,0.458509364016468,"[474999, 13]",17.09714073,11.00446511,-1.48720107,1.59234739,0.08628005,0.04082002,-0.15305041,-0.02696528,-0.19388057,0.23235389,0.17508853,0.24618152,0.24069974
R2NzN1ew9j0,13.50314505869536,6.89844056564962,"[128889, 13]",21.5673329,10.2970147,1.08312705,1.66398186,0.9140422029999999,0.149492813,0.07283622719999999,0.639311107,0.12051996300000001,-0.0174172069,-0.103543691,0.0371655214,0.168683075
T0Z73Zbtlyg,12.044346357940853,6.494979011554422,"[98502, 13]",21.90569115,9.37782718,2.58328729,1.33288099,0.66531518,0.34362642,-0.52999487,0.69642905,0.39294897,0.22547111,0.11200341,0.07501257,0.42296586
iM_KMYulI_s,3.2144458959384714,1.6056302649841985,"[59566, 13]",18.39793804,6.33199317,1.47607095,1.36207275,0.65122828,1.00385176,-0.32769225,-0.11500753,0.45391115,0.08449195,0.32934652,0.54423547,0.32532398
RF-Mqs2qC-M,39.995508706811094,17.722308344862775,"[55486, 13]",19.86699669,8.43512013,-0.45256225,2.24570537,-1.34295638,-0.4887504,-1.48390413,-0.10785996,-0.56146114,0.35270006,0.02403545,0.07936992,0.14760069
TclUk6-63QQ,3.2252469548018823,1.6168218149680595,"[270962, 13]",19.70303185,7.47443873,2.00513269,2.20131984,0.56044107,0.76807333,-0.09208565,0.47260274,0.0901575,0.03317097,-0.31857686,-0.09848873,0.082371
PuSkexkHRb0,5.596734439113753,2.757344127422483,"[45113, 13]",19.82862216,10.3081023,2.59440528,1.94741151,0.60180152,-1.06207894,-0.68056393,0.8442559000000001,-0.79079039,0.40897483,0.06747021,-0.65806693,0.37834413
79_IsTV8X-c,4.529161165323148,2.3708556541005503,"[68872, 13]",19.69447262,8.17826331,2.59042129,1.74260067,-0.60248284,0.29170018,-0.78292405,0.77324553,-0.090376,0.28364126,-0.02233787,-0.07203365,0.19600296
1zdZG6KFM0g,6.225259758087058,3.029476937869491,"[103495, 13]",18.70535132,11.97847014,3.59870013,1.65489543,0.15448075,-0.59092667,-0.09499322,0.23350712,-0.42012194,0.09989912,-0.27075495,-0.24374454,0.30781708
PX5-XyBNi00,1.1577287665969918,0.5911726713138701,"[461416, 13]",19.2210632,12.9783028,2.59715403,1.59813541,-0.0308262974,-0.342119319,-0.443266758,0.394755521,0.182421983,0.2024005,-0.013147890700000001,-0.20856254100000002,-0.0325970939
FXATwX5bVp8,7.176357229964818,3.571788905560668,"[79999, 13]",20.6379401,9.88199414,1.43216071,2.17901898,1.56868144,0.18311734,0.08912775,0.68506032,-0.07055156,-0.06478328,0.18472835,-0.12698628,0.05070288
Xjq_ow5DrWY,1.1030804627261157,0.5608174683335068,"[216265, 13]",18.329187,7.46572885,1.69528396,1.63667727,0.0483326009,1.05075236,-1.01967309,0.153963708,-0.18114899199999998,-0.0130713753,0.0155921048,-0.17306813699999998,0.23757811399999998
dFT2IKmwyfg,4.780212290825445,2.430654021507026,"[66143, 13]",20.19600977,11.65265623,2.34187455,3.21589907,1.12060169,-0.46986105,0.21921618,-0.37342921,-0.30512811,0.19443496,-0.28432070000000004,-0.05748861,0.20507362
kCC8UIPrASA,11.334441919016163,5.538606965392,"[136309, 13]",17.45302984,9.72262099,-1.01845723,2.28572955,-0.03647556,0.02004359,-0.07357242,0.11442826,0.19082066,-0.0192418,-0.13566477,-0.08482625,-0.08670166
zttC2x9nMEw,6.603369307928581,3.3121087415303303,"[110529, 13]",20.27218625,10.48213928,-0.29424743,1.60460787,-0.08685079,1.12283043,-1.30062269,0.90989408,-0.95573916,0.77975886,-0.54790555,0.91188749,-0.47372691
RCXGpEmFbOw,2.6649348276576412,1.4241790170782769,"[69565, 13]",18.6454014,7.58461354,-2.47558981,1.23026522,0.29586555800000003,-0.360259799,-0.524232374,-0.13526454300000001,-0.0802494305,0.0238721654,-0.18115468899999998,-0.444943761,0.0153086902
bBrUrgNf5y8,5.311472363756613,2.677650039493829,"[33705, 13]",19.701059899999997,11.464932000000001,2.17754542,2.57118606,1.14727327,0.10111474699999999,-0.78324334,0.43192840200000004,-0.23383530100000002,-0.00519776782,-0.104525496,0.112915795,0.407580431
PRSoRkM8GcM,8.093472774996469,4.085349458361225,"[131799, 13]",22.16608239,9.95198551,1.628737,1.85421499,0.7588089,-0.19569161,-0.69587104,0.16323914,-0.48911795,-0.11775179,-0.33819816,-0.1108583,0.43636720000000007
pCON4zfMzjU,7.6859113100961665,3.8549455588751234,"[37830, 13]",19.99567037,9.88543593,0.816308,1.79506775,0.72141395,-0.7839041999999999,-0.68362556,0.04168206,-0.31257652,0.47911040000000005,-0.26090957,-0.39523778,0.40236292
IesIsKMjB4Y,7.9062402604741875,3.9315483162042,"[46257, 13]",20.658735,13.34741125,1.42781546,1.47408851,0.67501931,-0.323857,-0.6659914000000001,0.27979286,-0.34766217,-0.0784228,-0.0689417,-0.34021615,-0.05743068
iR4CFiuR3tQ,5.530973595179429,2.8357152802870966,"[32860, 13]",16.30949311,10.82817023,2.25850433,2.12113579,0.66638753,0.21364839,-0.39050184,0.14741487,0.15355949,0.33789884,-0.20688098,0.08637516,0.22898785
x0MjZOR89Fk,3.117845728899913,1.629562661797863,"[36123, 13]",20.31189828,10.53093561,2.4338637000000003,1.50105114,1.73320058,-0.58227054,-1.27526247,-0.37485324,-0.42014358,0.0924788,0.53606633,-0.06530913,0.09925027
VFWbuKr5-I8,8.732725082083174,4.488178025386048,"[40995, 13]",19.56167317,10.66578555,2.44193872,1.92955201,0.28683169,0.70026462,-0.28041289,0.36677784,-0.50283686,0.03936406,-0.11416192,0.12222453,0.35365339
eyqwLiowZiU,10.359174839198637,5.29963518328583,"[35240, 13]",7.74068877,8.28527769,1.53696342,1.89979878,1.04751719,-0.08048209,-0.55336294,0.47004438,-0.34552294,0.05966954,-0.39498478,-0.24017956,-0.04644161
r15_6z9xryo,67.82767784196315,31.059954443066694,"(43680,13)",22.96435303,11.82695729,1.62098991,1.90055429,0.33172012,0.23187719,0.14416727,0.08008198,0.28289133,0.09584009,-0.12405631,-0.14575667,0.25558398
3SAxXUIre28,5.724671455339415,2.8625576470316405,"[62319, 13]",5.69247971,7.86149027,1.55749736,1.90771764,0.58655407,0.37495751,-0.58187666,0.50384531,-0.32981263,0.01790033,-0.21233319,-0.37657348,0.14144392
bf7BXwVeyWw,2.699813106063308,1.4015203125272735,"[130767, 13]",19.660967499999998,10.4256507,1.19356722,1.72351368,-0.0104054219,-0.608563855,-0.449996269,-0.024326124700000003,0.26305574600000003,0.06950407980000001,-0.216423797,-0.17093843,0.117845904
q7v5NtV8v6I,0.5650768369438887,0.2894545606971569,"[256659, 13]",17.1329315,10.622734,-1.36130792,3.30956439,2.64087423,0.0197212273,-0.00574748145,0.372666173,0.08643125789999999,-0.287133985,0.41419094700000003,-0.30375714,-0.143269037
CeuIop_j2bI,2.9170753730249857,1.5190639441915166,"[87548, 13]",17.31185351,9.19833849,2.84329516,2.78055452,0.54587058,0.1481551,-0.69080528,0.19506107,-0.58933049,0.14360756,-0.41952753,-0.33768681,0.23615904
p-MNSLsjjdo,4.608741667595874,2.322743137396762,"[81180, 13]",18.8690323,10.0562196,2.41503201,3.27183751,0.245470082,0.375124825,0.108415465,0.690382555,-0.114950685,0.0177780743,-0.026801977400000003,-0.17251352,0.203755433
TgA2y-Bgi3c,0.8819610644090129,0.5322402421070254,"[54005, 13]",18.26607175,4.48078389,-0.84393984,1.77330521,-0.17646044,-0.43550986,-0.77738231,-0.05334949,0.19799833,0.08855232,0.1933921,0.79669544,0.17586286
zNzzGgr2mhk,8.399036006200946,4.152675847918278,"[47002, 13]",20.37614757,9.65639595,1.47171857,1.29764895,0.80553886,-0.45493341,-0.37593935,0.20942631,-0.53971355,0.26678001,-0.38736806,-0.11572461,0.39683823
qaIghx4QRN4,3.786591897709826,1.8848145958497795,"[79850, 13]",19.41964508,10.33730569,0.18653699,1.50846087,-0.25965633,0.41533453,0.11503099,-0.15471447,0.44893385,0.21592699,-0.26695955,-0.50462067,-0.20255568
F-nNTGK0wFw,1.8701705500307781,0.861360954881265,"[109855, 13]",16.36552429,7.89859437,1.97377546,1.56116886,-0.25273354,-0.68994092,-1.08553957,0.09710260000000001,-0.21950029,0.15925006,-0.58461703,-0.07578915,-0.17374123
opqIa5Jiwuw,7.2290717238910975,3.549646322031365,"[58267, 13]",19.63298109,12.05506844,2.69732091,2.60617038,0.046689,0.32134839,-0.41134425,0.03682056,0.40268707,0.04481203,-0.04622962,0.02513369,0.24889745
kF4ju6j6aLE,5.793381996807147,2.8228023323036897,"[114985, 13]",20.232994,8.74673188,0.346227574,2.12120399,1.04054629,0.0224788193,-0.424069715,-0.10113581,-0.29716676399999997,-0.00996783892,-0.29719753600000004,0.379690504,0.1801642
0g9SlVdv1PY,1.6920379893132034,0.8394116158728316,"[108994, 13]",11.06466994,7.87408334,1.82188439,2.360609,0.56040052,-0.68611274,-0.45049375,0.20766311,-0.76129506,0.01728053,-0.07704467,-0.05299782,-0.02833528
c0bsKc4tiuY,14.469637529370306,6.562508532026267,"[71797, 13]",19.30632809,8.29108789,-1.63138063,1.40583669,0.47779948,-0.7089599,-0.99891875,-0.42873944,0.12463325,-0.28784917,-0.20307771,0.16620326,-0.27302014
6N3hffFYe_U,4.516973924117627,2.7266079881268546,"(62862,13)",18.49407886,8.42539848,-0.67434604,0.42514099,0.80602911,-1.02251856,-0.69463146,0.8201216,-0.39569854,-0.04795312,0.03849711,-0.06101536,0.21177586
8HbvY1ZDhwg,4.598041886334013,2.204090948791381,"[326026, 13]",19.6150204,10.4102476,0.9972968959999999,2.35506286,0.765764564,-0.320356294,0.152080821,0.334851187,-0.348856764,0.35587794100000003,0.06294702049999999,-0.0103543956,0.184041709
f7MzFfuNOtY,5.035818001450117,2.5160465338924825,"[89777, 13]",20.14147734,9.22394778,1.60079247,3.13945111,1.24338753,-0.39312525,-0.92931023,0.50273547,-0.83695866,0.66102037,-0.83080636,0.09343491,0.27205921
mf5otGNbkuc,4.372224208480658,2.231445304637698,"[113970, 13]",19.27652753,8.74622999,1.31205864,1.59951512,0.70756713,1.12986902,-0.36723511,0.24502934,0.10896457,0.06095173,-0.35246086,-0.30318342,0.02724843
FX1HaV_qjOM,23.43958696246045,11.491273852376356,"[72802, 13]",22.20704147,6.96048608,-1.65837755,4.60075206,0.6198974,-0.38749675,0.97372605,0.6433424,1.13785961,0.6161975000000001,-0.28866897,-0.09042545,0.06068425
5ncOyYzOP3w,3.0212656495502004,1.5753461556945658,"[163729, 13]",20.9546956,11.943272300000002,0.00830440999,1.71996694,0.0906296793,-0.277250805,-0.47696652700000003,0.593810827,0.147131685,0.239730315,0.122285117,-0.186116895,0.0355040306
IHZwWFHWa-w,3.5258563463352357,1.7766453654480403,"(126069,13)",19.384693300000002,13.03331703,3.33882804,2.99274312,0.72332193,0.05850167,-1.00693249,-0.4654031,0.08838047,-0.21617837,-0.56954597,-0.15119162,0.04129809
LmpAntNjPj0,2.5312897400561982,1.2939970601780575,"[104128, 13]",19.30717278,10.8425491,2.17168914,2.19145591,1.03869781,0.34232877,-0.20539482,0.97051824,0.2004662,-0.05081558,-0.17242977,-0.15777244,-0.05513250000000001
6H_9l9N3IXU,4.2568638142908375,2.1333704721834623,"[94410, 13]",19.10066012,9.49243551,2.4597511,2.05982417,0.88785033,0.10593342,-0.02305242,0.32316082,-0.46043103,0.29442269,0.08668777,-0.03619186,0.22326169
r2Cd9gChRnc,4.605688174804556,2.2980814047147025,"[60102, 13]",19.92611412,7.75082101,2.92119586,2.19248807,1.54516642,0.10682123,-0.24650104,0.6821459,-0.51188472,0.08669584,-0.29420731,0.08679317,0.04402482
Ilg3gGewQ5U,6.467212015297966,3.2249142739650636,"[83390, 13]",19.28227534,13.1843655,4.18484978,2.63999856,1.03038875,0.47462437,-0.6903142,-0.31856317,-0.02667214,-0.18668525,-0.49650812,-0.15385364,0.11267924
NaL_Cb42WyY,3.5905672062501104,1.8452452404568584,"[184186, 13]",19.42589529,12.21468843,3.93246123,2.36694801,0.68573803,0.42990409,-0.67521892,-0.30890534,-0.07309439999999999,-0.22704127,-0.35694989,-0.20464919,0.13554494
Z5bTMIdn8O4,0.3538489052053159,0.17134597705058424,"[35756, 13]",17.337877399999996,6.4608464,2.80145814,2.29818166,-0.41127893600000004,0.590223111,-1.20264641,-0.576427053,0.38242604799999996,-0.00794661113,0.358791834,0.644697479,0.49042578700000006
hI9CaQD7P6I,3.106055785104333,1.6113248639812041,"[17891, 13]",20.28162784,9.0929174,1.32058926,2.08962492,-0.09170262,-0.36649807,-1.13192257,-0.76858818,-0.18804657,0.07244268,0.41791506,0.40292119,0.14004781
BxpjA9t4dJE,4.16534035898221,2.094648914742986,"[90260, 13]",19.74506172,8.69096222,2.64332254,2.37264377,1.77369773,-0.95480746,0.54960239,-0.57158911,-0.27827223,0.02668371,-0.25572492,0.09125729,0.24338307
mQ-8gnnieRA,6.7999084710219835,3.4665230250982697,"[26684, 13]",20.60693828,10.63419663,0.91866702,2.00355567,0.7155191,-0.19137983,-0.90176897,0.04181813,-0.13791358,0.33028195,-0.22295154,-0.22871415,0.35859865
eTOKcxIujgE,32.594972148328964,16.459872133330492,"[26623, 13]",21.92907495,7.87031055,0.61578364,1.84844124,0.51074224,0.23866264,0.19455475,0.23812616,0.6595260000000001,0.026556,-0.13403849,-0.34450617,0.60562695
dUFxaQc7B8k,7.174004314273758,3.653799800912653,"[68040, 13]",20.71800434,10.02375938,0.85099057,2.81897723,1.46236093,0.27293219,-0.14542223,-0.31203661,-0.90923111,0.05043583,-0.07299631,-0.53751589,0.43019803
STpKoVY2ri8,19.830841540891548,10.840238103456523,"[98129, 13]",22.4635378,6.74495552,-0.532969606,3.08499241,0.314487,0.601579748,0.45730337,0.66965068,0.155692661,0.247903929,0.0256370808,-0.0017915951,0.2000033
X32dce7_D48,2.749830715230773,1.3868873518011755,"[36476, 13]",18.40715846,8.90187619,2.37275829,2.84465568,-0.22164487,-0.02593823,-0.36083806,0.29203748,-0.3211196,0.45982860000000003,-0.25640314,-0.29263167,0.14624205
IOZO13rdhwU,0.2917001937683841,0.14524115136165575,"[103686, 13]",17.0875063,8.56341075,-0.0785580202,3.88534405,0.0125813375,0.7765373259999999,-0.8473834840000001,-0.8671021809999999,-0.7463293940000001,-0.18441274300000002,0.382109178,0.361745425,0.204152175
w1f6o1HQBvg,77.51157427396426,40.08074783887524,"[22434, 13]",23.0257611,10.6883934,0.336568903,1.75178565,0.9749703259999999,-0.0961062409,-0.250963553,0.984070793,0.014855407,0.0675885336,0.161989556,-0.217753488,-0.2453097
CvKXdhB_y9I,4.467733723426648,2.2027093331799783,"[60804, 13]",20.258135199999998,9.8140773,0.15301613,1.92908039,0.35448128,0.4393833,-0.43904708,0.19765332,-0.5923352,0.28651667,0.21304070000000003,0.36975315,0.22222178
6S66jorlkeY,5.628745382698589,2.8544251989886007,"(28477,13)",19.27477995,9.026836099999999,1.90230279,2.49237321,0.18451844,0.6599139,-0.57660748,0.83206108,-0.71899838,0.36450926,-0.37378278,-0.64720805,-0.37089747
VcOCCrKlXRM,35.43312029584753,17.633862923674894,"[25583, 13]",21.6062926,8.72968206,0.84170456,1.14467988,0.06786048,-0.4325138,0.71410739,-0.05009318,0.05098686,0.06482228,-0.86349772,-0.22597385,-0.20794611
8N1cKs9JRq0,14.249917716608751,7.2108120770567306,"[98965, 13]",19.79651635,10.15186974,1.75123938,2.3738769,0.47760918,0.17480973,-0.40597608,0.05879206,0.07156241,0.17428951,-0.34321536,-0.23095603,0.05106597
wutztfYqk0I,4.988304130736322,2.5204338943671463,"[65829, 13]",19.95747658,8.46100284,1.5205574,1.94674701,1.21641602,-0.58071404,0.13298859999999998,0.51936381,-0.85563565,0.27940626,-0.14541319,0.0273051,0.19649802
5njUvlLWoRI,8.569837378121509,4.303466049549422,"[28978, 13]",19.42470696,9.73526771,2.15898193,4.66053572,-0.21067029,1.58111714,-1.04981554,0.78632986,-1.37506809,0.22109104,0.26506398,0.02078731,0.57889676
wEbiwj0CY4U,12.478967214403957,6.1217793429455325,"[81360, 13]",20.97367627,14.08945318,-2.18712803,3.18028627,0.44800555,-1.40874837,0.71959293,0.15663237,-0.24135316,0.54491919,0.09358165,0.24324399,0.2919839
MFZsxoen5Y0,27.29801246018443,14.035731919003403,"[26959, 13]",21.86309858,7.30113907,-2.55355465,3.38974883,0.48618032,0.77492349,0.25442653,0.78331771,0.16999103,0.25954255,-0.23588879,-0.03928092,0.25966377
b617FReb9YI,38.95492124655435,19.039657579889308,"[25040, 13]",21.99751403,8.25133548,2.36939086,2.2921133,-0.10738045,0.83983433,0.06701061,0.57261666,0.61477538,-0.34947228,-0.04566783,-0.19335733,0.15468063
K-HFRtLaxqY,39.43902058371256,17.395921007873742,"[47616, 13]",19.0312443,3.95308448,-1.12888689,2.3415059,0.8133072579999999,0.417511023,-0.0033433166999999996,0.43664741700000004,0.0690559667,0.0666252832,0.11943618199999999,0.47220733600000003,0.223582692
5q7BSLylhTo,4.095262230115411,2.0679735203220244,"[94906, 13]",20.64837074,9.98065155,1.08145902,2.49528282,0.61355593,0.15217036,-0.56655109,0.6896216,-0.57684733,0.17083281,0.15904246,-0.03735222,0.53556795
HibcMLxj55g,9.983454447105784,4.9446966687282785,"[36987, 13]",21.13134108,11.63082401,-0.14913416,0.68181008,0.55190506,-0.93137382,-0.76994536,-0.08271444,-0.18500111,0.43594399,0.16200648,0.13556621,-0.04809889
J2z5uzqxJNU,1.7909409481848972,0.8725031431233194,"[54843, 13]",18.83311845,8.06138085,1.87203045,2.52360975,-0.0689573,-0.11150688,-0.91659592,-0.11445987,-0.4947219,0.31631073,-0.06261074,0.38039107,0.14091471
DWKe6i-ia9c,3.508664714264451,1.6716312828520832,"(89894,13)",17.75640728,7.1220852,-4.14225707,6.1737556,-1.13002319,-0.19328637,-0.48387894,-0.6715425,0.12430488,-0.26237973,-0.37402038,-0.31686263,0.51882765
LGW12hBxUbs,68.45164224698016,37.740408206934966,"[22560, 13]",22.8783527,5.49047786,0.7576701659999999,2.73464075,1.08097145,0.603482018,0.615132949,0.6358588589999999,-0.0022664523899999997,0.025540832799999996,-0.2012695,-0.0821600345,0.277134667
7rULs35adVA,5.1811160198493225,2.3940357491504543,"(41636,13)",18.91060497,12.16939254,1.6523413,1.00317248,0.07036478,-0.23182279,-1.28780625,-0.60447483,0.11641008,0.09368378,0.19054233,0.47165051,0.23020196
C6dpQWnRII0,20.381373643578538,10.157149265578449,"[26351, 13]",21.79678002,6.26474467,2.12513587,2.23833822,1.22891293,0.60700698,0.74384853,0.21330908,0.15310656,0.10401227,0.22001243,0.37229927,0.39282131
74Tw4sm34LQ,2.659207593208161,1.3128499198480377,"[177999, 13]",18.871029999999998,9.84596837,-1.38851091,3.23866095,0.0161435844,1.22759896,0.5303641570000001,0.640846516,-0.185997689,0.0980989505,0.19323088,-0.31813500699999997,0.0629367503
pEnXNd2z9bo,4.5088892380071055,2.230536916504162,"(38558,13)",19.8013082,7.88921248,1.54915789,2.84131715,1.59071738,-0.0264213817,-0.651362939,0.38541036700000003,-0.33978933100000003,0.00959029864,0.314656039,-0.512604006,-0.047251946100000004
bjUoQbSJDJs,0.7843619342115797,0.9637489047558364,"[17909, 13]",16.31286316,12.84409359,3.5276053999999997,2.63427197,1.71441303,1.23362055,0.89473624,0.59832358,0.15437534,0.02262201,0.1146118,0.08903876,0.04477188
xlBhqDOxolk,26.666443226285764,13.608512573437315,"[61277, 13]",21.84680329,7.88449373,-1.05467802,2.88846974,0.363681,0.64587698,0.18875479999999997,0.79191737,0.41129440000000006,0.02417253,-0.22908065,0.04576834,0.20252584
SnQNrYOvWR4,4.270360285756369,2.1117073483946163,"[69788, 13]",18.72372517,9.87062219,1.81888687,2.32682705,1.93168729,-0.32332566,0.14187087,-0.14545503,-0.86524793,0.17656534,-0.11919341,-0.2551738,0.85179709
Zb18eEvBNh0,3.757067779383947,1.87206124031372,"[61632, 13]",20.2723679,8.96922721,3.24924108,1.27411228,0.707828734,-0.440854205,-0.261247415,0.35134960200000004,0.00107692429,0.33584409600000004,-0.22376257300000002,0.0435457956,0.272007789
knMM9dRwIH4,2.700849016895264,1.226205196840224,"(53336,13)",19.78291141,9.14461038,0.73558345,1.33700699,0.82763737,-0.34612286,-0.65912239,0.25684494,-0.39763994,0.18638398,0.3864512,0.03145705,0.44213203
r0_mi8ngNnM,1.702842579779603,0.8478689118940685,"[86171, 13]",19.2328892,8.12189855,2.23862136,2.86812204,0.0997357,-0.04405916,-0.81812976,-0.3059075,-0.55877408,0.35217561,-0.12510708,0.37045047,0.27142313
9AVhwGKV2TE,0.9906814461561466,0.5634350184903405,"[33960, 13]",18.30137231,-0.66172123,-5.08339802,5.22632424,0.53128228,1.19283649,-0.44149151,1.30891354,-1.09817405,-0.61907257,-0.69632987,-1.55808555,-0.16132435
HUbi0z0msrk,2.929349718305198,1.4363397531116475,"[213990, 13]",19.19805654,1.70010549,-0.92670861,5.42224791,0.7632554,1.08329011,0.63638437,0.85036549,0.68502841,-0.07713306,0.15967607,0.89734185,0.01925405
kCQ4m-ui6yQ,66.44504485866894,33.317769229517495,"[29774, 13]",21.6323075,9.80354903,-0.29637241,1.80837974,0.99816169,-0.25471771,-0.12316548,1.26388079,0.07657487,-0.3031583,-0.0684793,-0.05512486,-0.15520094
WQpwcU8FTZk,63.20381319307087,26.93789620123699,"[60270, 13]",19.9545773,10.1124804,0.40253639799999996,1.75356538,-0.0913587634,0.070899067,-0.219498246,0.013362214099999999,-0.145297202,0.36544573799999996,0.111625325,0.528349603,0.255765597
7QpJ_VDbIPA,13.152704591396684,6.6205775467241565,"[58511, 13]",21.09045404,9.94962781,-0.67837744,1.92333667,-0.16219703,-0.06623044,-0.34652711,0.23079677,-0.07723427,-0.06848981,-0.12908397,-0.38940962,0.29255461
nlJ4WIj3j24,10.38183076654802,5.291224013210245,"[64603, 13]",20.84637976,10.85554323,1.68328506,2.29675345,1.33154821,-0.15377916,-0.16854963,0.80432551,-0.16377875,0.05737334,0.18811301,-0.26586227,-0.07448955
_pYfw-_KfIE,0.4659528798327078,0.2274994667175145,"[98931, 13]",17.4846872,8.58201967,0.215479752,5.02243203,-0.741066103,0.32017484399999996,-0.611213845,-0.446547719,-0.552506195,-0.344996924,0.0941983982,0.00855165059,0.147127023
joc5J-poAxg,87.3369757691996,39.327687068743145,"[28941, 13]",22.43480172,9.23135618,-2.37024778,1.87857361,0.06215849,0.28677908,-0.06581101,0.28499561,-0.1362652,0.16065572,0.08736738,0.42724659,0.23644598
ajTUqSXzZis,3.9749092734979903,1.980463909087366,"[34709, 13]",18.4371658,9.88489789,1.27913725,1.48143158,1.32935032,0.7489866959999999,0.0670349852,-0.00668540131,-0.0707411491,0.0874534509,-0.0598825156,0.29562530600000003,0.619390432
IiAVsYnHtwM,18.46235966786265,9.50469088628309,"(25871,13)",21.32962249,9.750550500000001,-1.00554262,0.20010386,0.49609612,-0.784171,0.79427238,0.68673781,-1.10461737,0.28383085,-0.84225903,-0.1722386,0.19243365
iBZaLPEhq04,51.97834980780129,25.47416326114293,"[23400, 13]",22.91922861,8.37377684,0.3621377,2.37571156,0.69103186,0.52185645,0.22511422,0.27149102,-0.12933981,0.11261285,0.34556781,0.13676328,0.47427011
Hnl4AyEO1I8,10.391856614889152,5.130637378658925,"[637319, 13]",18.52479177,10.63924924,0.82508085,2.15773563,0.70473773,0.26895271,-0.73912585,0.16155698,-0.03984524,0.09610886,-0.09260942,-0.14392117,0.23467059
IUTGFQpKaPU,0.9671865781189646,0.4787954076482648,"[22932, 13]",16.45178032,9.96410687,0.63476476,1.85540293,0.66093836,-0.39947981,-0.84800849,-0.43307191,-0.15612479,0.22304505,0.15660298,0.20920567,0.2357971
8dOM8EHJoCE,2.673498852265323,1.427482176435498,"[26208, 13]",16.51325917,10.7573172,0.21464202,3.1043437000000003,-0.31698368,1.198016,-0.6755007,0.51288807,0.32955025,0.7748162,0.11303858,-0.04806255,1.02070938
bXsv_F0kfrs,8.523761314506544,4.3735401091017305,"[29508, 13]",17.26052191,4.27276871,2.46592181,1.35033719,1.93209374,-0.23335427,-0.88359509,1.22307499,-0.10342979,0.24603071,-0.60120805,0.02199626,0.18450059
PJjXnkd6bUQ,39.31330212495713,20.0842809036797,"[29791, 13]",20.18668276,10.66359935,1.21269027,2.41631404,0.50686354,0.68593233,0.21754722,0.13435098,0.12460624,-0.12515512,-0.02999126,0.26291961,-0.09132494
aRdcptG365I,5.723689007110942,2.567391233519531,"[49598, 13]",18.41911999,8.73150434,1.00105315,3.03960078,0.98823258,0.54292087,-0.16270484,-0.38170665,-0.15961452,0.19704703,-0.11705043,0.27960411,-0.116605
No-T6NIytFE,4.098732505856357,2.084697516569748,"[28368, 13]",19.7510177,7.94824769,0.699600175,2.12627829,0.161305,-0.317197363,-1.00899986,-0.0969021868,0.0765079588,0.21879441100000002,-0.304219884,0.320265581,0.000363230334
GWM0elaag2s,0.2288094115884541,0.1132529757222442,"(34906,13)",15.04533895,8.34575108,1.05804067,3.54401141,-0.23177451,0.17962442,-0.89816191,-0.77084342,-0.13616221,-0.09221458,0.41820001,-0.16417687,-0.14414061
BxpFMrEAwqc,339.85506442671436,147.04084749461936,"[38755, 13]",22.65674233,6.54343872,-2.91363999,3.62788242,0.15166415,0.68671972,0.37717363,0.56806847,0.06540999,0.1318197,0.05058345,0.50358263,0.14439725
4QrGdzYiNFY,3.841510836849732,1.889752045521952,"[41717, 13]",18.76525595,8.99647661,1.40768187,2.39038137,0.68544282,-0.52953241,0.2521676,0.17763273,0.15911289,0.16684176,0.1427865,-0.09330115,-0.20427214
mAZ-gT0Ip-0,19.295008046418072,9.415410334605463,"[21567, 13]",20.54572353,9.29555037,-1.30761565,1.48954363,0.53398193,-0.07363472,-0.44765274,1.24084878,0.20501291,0.15418722,-0.10815119,-0.12752517,-0.60255461
9_guNEfxTII,10.391856614889152,5.130637378658925,"[549842, 13]",22.67089396,7.26097897,0.30225883,1.67225899,0.37711544,0.2620623,0.57287953,0.4631179,0.04284046,0.11719819,-0.2273991,-0.15883272,0.02570844
5O5EC06b-xg,6.6075051125523725,3.374620112579507,"[65643, 13]",18.73687188,9.80269968,0.79314368,2.2945870999999998,0.43800534,0.51532757,-0.40934576,0.39712609,-0.11708098,0.12258959999999999,-0.2852667,-0.14248744,0.30587083
W2sIvBq2iAk,3.6414544672652713,1.7879511757373352,"[77703, 13]",17.730553399999998,11.4595329,2.25117397,0.9290518059999999,-0.39993136,-0.573040792,-0.0783701046,0.39061007600000003,-0.646592159,-0.138340202,0.00646660364,-0.108488449,0.41723125
AqcMAn10448,0.5220469211760154,0.2666798565204461,"(54434,13)",19.56441946,9.43819755,0.93081299,2.32551361,0.04993138,-1.41551221,-1.01079821,-0.63135881,-0.7362741,0.11252443,0.02224055,0.29938687,0.02585131
QlSShPVcxfg,8.576606897474129,4.227886146434488,"[80218, 13]",19.8782384,7.96130591,-2.64544256,3.56103607,0.17219327399999998,0.43079365799999997,0.300774145,0.43362648600000003,-0.273393226,-0.152584828,-0.25524208,0.0734397887,0.0120748245
-zCsllWJ3A8,5.2298523373306445,2.5953912787302165,"[97263, 13]",19.557148100000003,8.24182652,1.55094342,4.76842456,1.38049738,-1.41840524,0.869698014,0.256882732,-0.6931889659999999,0.282441296,-0.08591379589999999,0.006802161240000001,-0.15124436900000002
fK8LrzzC4-8,43.227022899500014,22.967341103582786,"[33142, 13]",20.97877513,8.76158904,1.93308541,1.16904437,0.03388931,0.24491621,-0.28097773,0.67752863,0.11158403,0.17241575,0.16858987,-0.11195179,0.18109654
UojBaKX5Vz4,35.205068855249074,17.27404076785806,"[26563, 13]",21.8282192,7.97984197,0.81857866,1.74135522,0.432882581,0.331340365,0.33303440100000004,0.215809592,0.575505195,-0.010712375,-0.09275511119999999,-0.35747379799999995,0.639235793
Ev-QpxN8wPo,25.931683168651556,11.571316909810687,"[41600, 13]",19.4856422,8.02676136,2.25032346,1.97308932,0.132871471,0.5052028120000001,0.16469572,0.439587524,-0.0574054168,0.013914808700000001,0.0440604891,0.193643628,0.383512046
i5gxEhNDYls,213.76994876919065,100.35954216403431,"(55841,13)",21.3610834,5.52425147,1.99856918,1.30630597,0.93057983,-0.31548357,-0.64799158,-0.71881231,-0.34452237,0.11445036,0.10377174,0.29730507,0.24937281
NTe1FQY9gn0,0.42697001624843395,0.2094347936862767,"[99820, 13]",17.00750046,8.06578665,1.00811467,3.16128364,0.21135473,0.99824564,-1.20548959,-0.18131881,-0.65760652,-0.02063528,0.12476094,-0.02564206,0.31274933
alQ1hlfNI_o,0.44350456462392746,0.22189833125833489,"[129904, 13]",17.20275833,4.32457203,1.2300121000000002,3.32386254,-0.60818022,0.16440092,-0.74909225,0.5689405,-0.73572882,0.47958418,0.30437455,0.24074668,0.64584256
YpcrlbmWgb8,25.89268851652414,18.865372788519714,"[17484, 13]",11.28854654,9.2153385,1.10990491,1.332385,1.61096,0.48038805,-0.31548341,-0.86266963,-0.09966359,0.07808126,0.21515429999999997,0.42978693,0.11786291
igNgYtGYjys,81.58425066481905,41.037395231253655,"(16951,13)",23.4176705,8.18917898,0.361256654,-0.11397641800000001,0.131923848,0.0031225006400000003,-0.42955818700000004,0.32391617300000003,-0.147763712,0.191300425,-0.774593553,-0.14145070199999998,0.0703740929
NAx_gFh9BxY,1.7400468364762736,0.8507845853771598,"[123889, 13]",19.62160277,7.03179416,1.15357627,0.88867678,0.471301,-0.15348610000000001,-1.24329948,0.6461838000000001,-0.3579781,0.19461824,-0.45774252,-0.35301208,0.13868250000000001
zyQtN7Zbi-c,8.459500661791921,4.2387964336573685,"[47082, 13]",18.64359499,10.59229408,2.13347374,0.66118022,-0.52003856,-0.30885413,-0.15224005,0.73657202,-0.58918932,0.11676015,-0.30205773,-0.07992477,0.49302935
8P13-6Qt89k,6.628032734016067,3.284983390605213,"[40200, 13]",19.41612677,7.85459989,1.54462077,3.20068744,0.29596594,-0.66020579,-1.32065746,0.37253942,-0.05134924,-0.22339897,-0.18475336,-0.05896384,0.44380877
4NGlnpZfXII,11.776428682349193,5.9634057889274334,"[266149, 13]",22.578073999999997,9.63455617,-2.3675992,2.53421004,-0.0279270497,-0.0289033963,-0.179624913,0.253920121,-0.0048631164700000005,-0.0475848217,-0.29823470399999996,0.508933437,0.560646302
7bL4dmUdddI,9.384779223753018,4.818814483126341,"[44511, 13]",-13.610731699999999,4.13086259,-0.0233423719,0.241307575,-0.659659765,-0.299174132,0.0638426652,0.16856372,-0.00230901236,-0.33145812199999997,-0.158441587,-0.139521035,0.044363694800000006
GfxzDd1wNxs,14.910573354461595,7.435544354955965,"[28855, 13]",20.46478387,8.07517047,3.28192816,1.59500956,0.61642859,0.13752929,-0.8567741,0.04945508,-0.65823838,-0.12207295,-0.90573201,-0.63249687,-0.49622103
E8xXtoIm76s,6.6787549508919,3.3862813253864235,"[53802, 13]",20.43580759,8.85057169,2.66923709,2.43893421,1.28403497,0.56599791,0.21255807,0.66372113,-0.65957473,0.16716394,-0.27200348,0.26357097,0.21066951
elvOZm0d4H0,3.3156295202475334,1.6444782984999011,"[47926, 13]",16.89190119,11.02935649,2.37196992,1.66302847,0.97608786,-0.21538879,-0.54835211,0.61809699,0.19530414,0.28021323,0.04900646,-0.16495846,0.22738502
cpCXLf9E1Ic,0.4079342680610408,0.19433703629176974,"[135744, 13]",16.88208681,7.86641994,1.18454352,3.55788706,-0.11070577,0.70749242,-1.42969818,-0.33633797,-0.44037817,0.05667812,0.15750155,-0.25394386,0.41435314
C3ddWloPyPA,3.819361206343909,1.8837922676478172,"(112832,13)",20.6832765,10.6615683,2.19381492,2.01843154,0.29704761399999996,0.9243990409999999,-1.04074786,0.371042914,0.331770556,0.00061682792,0.21115125699999998,0.315069543,0.189603916
jFxtn_BQauk,62.61852543050981,31.76338062494755,"[23063, 13]",23.26857529,7.89451173,-1.0718138000000001,-0.03545899,0.02801213,0.26117963,-0.23228890000000002,0.70385127,-0.08366589,0.06736128,-0.36338213,-0.39921048,0.08169281
FNofmHUX81c,1.0487225384918553,0.5544071747201279,"[74305, 13]",17.6136683,12.4561801,-0.144897409,1.01950871,-0.998577873,-0.639324115,-0.6551668429999999,0.0992568065,-0.183325787,0.397492155,0.009151382579999999,-0.164337302,0.0807910488
uJ-c54cgDos,0.582115667607721,0.2854743377870257,"[278302, 13]",19.3923043,8.16531061,-0.45784596200000005,1.49456215,-0.7035210190000001,-0.880101261,-0.800547305,-0.464710081,0.152720815,-0.19957853600000003,-0.10993774,0.018831885700000002,0.220580794
JT912hDAPro,26.583627692197485,13.82141123742267,"[30437, 13]",21.5386046,11.5381698,2.17591091,2.36889341,0.712364427,0.20303574100000002,-0.122242604,0.36702451700000005,0.0356110261,0.0193437331,-0.17964832600000002,-0.0524504488,0.18720763899999998
jpZWQ8ebTuA,0.4881612238994301,0.2507699168451271,"[50382, 13]",15.77709598,5.65197528,2.1652645,2.93604203,1.30323263,0.54511184,-0.78981276,-0.79905286,-0.21030584,0.04527183,-0.28154371,0.14590675,0.23120584
lw3c5d3aBSE,23.51817466728409,11.847583845304895,"[21691, 13]",20.38520238,11.01097105,-0.49068242,1.45412464,0.80070334,-1.18245904,0.09257330000000001,1.09899102,-0.28876028,-0.15930598,0.59685189,-0.24242489999999997,-0.08255892
nsTMPkPCQzA,2.9157188791346504,1.5752538260173898,"[59872, 13]",17.23042825,8.46416035,-1.00300318,1.77340489,-0.57644354,-0.4838981,-0.74348354,0.37997095,-0.36944403,-0.08504475,-0.41645351,-0.26180859,0.05518426
mcVvM4nhwNs,12.675534950856695,6.259276869216111,"[42416, 13]",19.64835048,11.49647665,2.04760535,2.24986264,1.02028661,0.63804003,-0.41130585,0.2444451,-0.10691797,0.42726511,0.14657234,0.58337493,0.34857821
5sKah3pJnHI,2.89110362265938,1.4537908668331074,"[52867, 13]",17.2051365,9.91879894,2.06442524,2.37648997,0.42694276200000003,-0.012154406999999999,-0.40045936200000004,0.6995710479999999,0.285891748,0.383802001,-0.008415560059999999,-0.00678844816,0.254692002
KYG6nvG1dyw,3.237721635251391,1.5892868386471073,"[90549, 13]",19.36941645,10.37010571,0.57022431,1.70550832,1.00341585,0.5581338,-0.16338725,-0.15351963,-0.38243869,0.12155149,-0.45872396,0.18242679999999997,-0.06218442
3DQATvwX4aI,90.1934331707391,45.06973013130536,"(22726,13)",22.32617588,10.21342347,0.54442655,1.63066814,1.17310707,-0.14892206,-0.05925969,0.90168374,0.08769910000000002,-0.07095063,0.16793351,-0.30789413,-0.21829595
FtbiL1uwC9Y,0.21883416060183972,0.10953168836062438,"[134436, 13]",16.97039737,8.44548457,-0.02432149,3.82755905,-0.04166606,0.51888292,-1.28217242,-0.61000303,-0.78314283,-0.39020609,0.25227765,-0.02178251,0.24862942
ARP0bpKgvVg,14.66348205115183,7.382415674942006,"[33660, 13]",20.453798199999998,6.1455696,-2.22926913,3.48714041,0.8051762659999999,0.5457091079999999,0.13064293400000002,0.49878590899999997,0.38767635100000003,0.5415263020000001,-0.331569548,0.0154591658,0.15419142
xH5whVFwXw4,32.64979715447899,16.847348490497907,"[32785, 13]",23.3823254,13.633132999999999,0.7599341059999999,0.8955212290000001,0.0201300873,0.6289787729999999,-0.12226772699999999,-0.0405779698,0.252204906,-0.0534123809,-0.50022799,-0.657291727,-0.33833961700000004
XMV3h9F6jq4,50.24016592826847,25.106905177743425,"[29947, 13]",22.38742623,9.86404386,-0.36864996,1.66133567,1.20200021,-0.19736623,0.0641525,1.09093618,0.26271581,-0.5384097,-0.3614011,-0.34420907,0.06419141
ylJd5sUbANE,1.264290607909751,0.6189479058127261,"[56359, 13]",17.80834956,9.13658777,2.79606458,3.34138228,0.50065666,0.58701406,-0.50551044,-0.061011699999999995,-0.52690132,0.18980659,0.03234096,0.27196366,0.23586276
cJXcK_P-zOQ,1.5451320721645836,0.7690587628019763,"(13470,13)",17.79369628,13.44537476,1.24772137,0.93960944,0.09096055,-0.56424968,-0.05377251,-0.14477924,-0.60173215,-0.23472458,-0.21477599,-0.1161703,0.08102916
480PvTx2U68,30.97262489569564,15.962884053832207,"[37519, 13]",22.13788411,9.77784325,-2.02080457,2.30827304,0.38635719,0.1575332,-0.06215448,0.6482150999999999,-0.16559025,0.05677177,-0.50516673,0.12972404,0.17813882
jwhFr5Ax3Fk,5.602358434232934,2.9020059798598625,"[22176, 13]",19.5157204,8.21418892,1.53871816,2.64276618,1.16817728,0.260297474,-0.0333241034,0.671613682,-0.593333619,-0.00917532019,0.0656319412,-0.259579532,-0.163126622
HswySJvxeuE,19.47628332572555,9.820930761321444,"(58617,13)",14.43983264,9.0738821,1.11744412,0.81940382,0.94247717,0.27576929,0.39757472,0.08701662,0.02227614,0.05507921,-0.22445997,-0.04816938,0.20536095
Ha18O3B6Eag,2.9416955420660913,2.005557640395199,"[5461, 13]",12.10781983,10.83535233,0.27111637,1.12799268,-0.53080225,-0.30917316,-0.24321186,0.30939479,0.16599254,0.11931277,-0.04903417,-0.41891737,0.02261028
2I-_SV8cwsw,1.682711817719583,0.8345254104266541,"[101811, 13]",16.93210007,11.44591088,3.45582368,1.44543467,0.28854182,-0.3227708,-0.7620305,0.03439766,-0.33105258,-0.13392993,-0.48285669,-0.23861473,0.16247431
bB52e6N8kjU,7.392610553305074,3.7002381834949714,"[68971, 13]",17.44930258,8.76557906,0.94608233,2.51003199,0.81587112,0.32102964,0.04612546,0.36547475,0.11564653,0.01939623,-0.26691656,-0.14447923,0.14393308
WqmbA5k-_Eo,2.838188328573975,1.4104952527683876,"[33406, 13]",17.51961298,9.63125807,1.6662456,2.88197395,1.71969087,0.37714957,-0.78309397,-0.0186429,-0.43083701,-0.06244479,-0.38546212,-0.30555117,0.47217977
-EtHF5ND3_s,1.0209246027297865,0.5059011140647094,"[71747, 13]",17.37665548,12.70589065,1.18647494,2.93948922,-0.97854,-0.21259928,-0.96937675,-0.72928974,0.15221071,0.06326904,-0.24914978,-0.15965352,0.20807309
u1EmWNY8km0,1.2480613560928355,0.6060229188994743,"[142519, 13]",17.08713012,9.56220002,2.40009215,1.80740666,0.57192049,0.1821053,-0.18025377,0.12829601,-0.0959462,0.05680972,-0.18633383,-0.05669401,0.16147397
Q9Ybl-8S6-4,7.410720371051518,3.8239421544668697,"(42481,13)",19.48723635,9.08037457,-0.74303356,4.94749393,-1.06837797,1.10100653,-1.90394312,-0.02974551,0.11648249,0.02965611,0.35827674,0.55546412,1.05489047
FQkaH5ppFek,57.24877043602167,28.190235851819676,"[25403, 13]",22.05320737,6.86196308,0.50943703,0.47154965,0.49841884,0.0631736,-0.11132919999999999,-0.08418572,-0.35464495,0.24680416,0.03962516,0.18357143,0.13314773
HbNYuOTaYFs,3.5229364921294133,1.7973592435626036,"[40322, 13]",18.81683551,10.47388506,1.594384,1.77337463,1.22129883,0.44960309,-0.32378003,0.06965422,-0.31614047,0.07235715,-0.08915121,0.26398296,0.52029214
nJ539VsNq2s,15.406498020143948,8.158696042293272,"[54918, 13]",5.90385997,7.08359348,0.84690463,1.19906099,0.29433992,-0.08647297,-0.01164109,0.06443285,0.02742977,0.11328516,-0.01002996,0.05251903,0.14563605
Z49hXoN4KWg,15.915239570116244,7.735316458344354,"[54113, 13]",19.1155173,11.34683821,1.45337137,0.08134059,-0.37857217,0.03262819,-0.31801081,0.50395697,-0.57461386,0.06228969,-0.31651317,0.12312970000000001,0.35971341
U8O8R8-XRmQ,8.755044324951376,4.589961174739853,"[28811, 13]",19.87194074,10.08103084,2.41409155,0.52979888,-0.07840520000000001,0.05503652,-0.47124306,-0.14862406,0.08219504,0.10248825,-0.48656048,-0.18720008,-0.26589801
YQGotj43PqM,1.3772282625887895,1.3072008803615662,"(17745,13)",16.84035305,13.09303316,0.9842733,2.77591486,1.79164008,-0.3807218,-1.62628381,-0.26536803,-0.41187455,0.24836387,0.74015885,0.42116957,-0.03933974
HxOusn13fqE,81.29519577252842,40.70631132219098,"[23563, 13]",23.05179438,10.48496981,0.47276357,1.88070388,1.17656476,-0.09872206,-0.39063242,0.8779269000000001,-0.33261168,-0.03979217,0.17675667,-0.10133693,0.16748746
XZSnRjDRrvY,2.0100087546210683,0.9965541433443396,"[110115, 13]",20.01226434,11.28989596,1.10552727,1.86061818,0.94283417,-0.93741399,-0.69121096,0.26955781,0.03733677,0.05439697,-0.13535212,0.19824519,0.35968793
_Y9EZcw5zaA,1.2871066730820293,0.6650056312994088,"[58923, 13]",17.7744014,11.2332086,1.45857111,2.09779928,-0.0583059122,-0.8235262809999999,-0.353624283,0.00301280141,0.051499468799999996,0.148079785,0.09346824140000001,0.421847121,0.09826245460000001
qPrxInnjdvg,0.2779259723355092,0.13891698154503113,"[490040, 13]",16.71620062,10.90661673,-2.14151281,3.53518716,1.44031288,0.19005826,-0.57282299,-0.14467576,-0.22151745,-0.53290256,-0.81119466,-0.60617373,-0.32005159
Jtpv39DeWpc,1.7892997719272208,0.8897930679018355,"(27908,13)",17.440799600000002,9.5654301,0.39805640200000003,1.11484139,0.29559785,-0.593750691,-0.207660703,0.133844123,-0.0159982841,0.020783744099999998,-0.362787815,-0.18037502800000002,0.680539514
y6fPilMJHsE,0.8841760645388614,0.4394153695012735,"(154359,13)",17.59283907,15.08338439,1.40950616,3.72794822,0.31007629,-0.20343136,0.14992066,-0.45206855,0.18153936,-0.46335669,-0.42544858,0.15465749,0.11132113
_BXYFubygkM,2.2038871278700762,1.0953793309809492,"[156562, 13]",18.03895699,10.52260453,2.53081022,2.80743503,1.14171752,-0.13583567,-0.11085316,0.51624491,-0.41434819,0.38320568,-0.71407181,0.22063873,0.64901855
eIpFQGGuALc,4.173468322139823,2.0395655397228407,"[120143, 13]",19.3079146,12.6829949,-1.85250777,2.91702187,-0.43209362799999995,-0.5987408479999999,-0.5803838060000001,0.0190548426,-0.43259622700000006,-0.062041937000000005,-0.145540102,-0.33946716899999996,0.597321674
5kpVl6YJzpk,1.0744613652386803,1.6985711155215322,"[25325, 13]",17.13474773,9.935810499999999,3.43717596,2.43380189,0.26205485,0.16265524,-0.81370713,0.31743184,-0.63517365,0.08427430000000001,-0.22811596,-0.05979552,0.31415683
AwAVQ0RiwPw,2.5571702104311536,1.215894230234554,"(31224,13)",17.69395924,8.95291237,0.104228,0.97257067,0.49150502,-0.04644976,-0.52521593,0.64158325,-0.28410445,-0.09985784,-0.17341825,-0.16066489,0.68432638
ecaGFISlQXk,0.4830188666668882,0.2406230874209772,"(31988,13)",17.33353941,11.17052405,2.48273877,3.41496823,2.33919625,-0.58367081,-0.38845845,-0.52396144,-0.71785469,-0.27319957,-0.35887087,-0.23984936,-0.14248597
MEysDZDzyIw,3.2113216326863143,1.5846189540294082,"(69776,13)",19.438557100000004,11.2797045,0.544129079,1.42399105,0.282768448,-0.297425103,-1.57370782,0.5358263129999999,-0.40966791700000005,-0.012634549699999999,0.445217549,0.20355435100000002,0.31168107300000003
3dIbFvX_zCE,4.524596166211179,2.2275767487783433,"[455469, 13]",21.28850356,10.95873307,2.77561334,1.61709498,0.42599731,-1.07511325,-0.74597108,-0.348721,-0.05711751,0.52987215,-0.11349358,0.13445179999999998,0.31945
_ZB4aUMVKS0,4.260325906589886,2.240571250925864,"[54326, 13]",15.16372554,10.10052092,-1.07306797,1.42366332,-0.5961053000000001,-1.52829125,-0.73246935,-0.07253259,-0.55944922,0.60152498,0.13146434,0.13814238,-0.07163497
d6c6uIyieoo,3.8407155170338343,1.9165497106406573,"(102298,13)",18.674738199999997,10.56613469,5.03217121,1.06394815,-0.07934691,0.24373559,-0.33443931,0.03776923,0.23576332,0.39673483,0.07783598,0.081152,0.25343717
zLAMv1vDSgo,2.1325690911506845,1.1785243444033922,"[63335, 13]",20.44635563,10.97459938,0.80363133,3.47439565,0.59283227,0.25590416,0.12596541,0.67761711,0.0539476,-0.16025896,0.42173433,-0.16439776,0.17415555
wLpOb7vYwk0,0.7220510089438883,0.3587151419638576,"[28611, 13]",17.2597138,7.43399702,-0.04126941,3.16728297,0.70184401,0.30566434,-0.67911235,-0.10733685,-1.1894083999999998,0.17404822,0.02313004,0.15155827,-0.044922500000000004
Am8KoqLFLHg,1.3064035849348647,0.64430209940003,"[175348, 13]",14.929020499999998,8.26032901,0.928407413,0.815509808,0.878467197,0.368510832,0.26510744399999997,-0.132808229,0.135280076,0.120582068,0.10956218300000001,-0.0031122114399999997,0.22019495600000002
0toqxbv3tRQ,4.486030253534578,2.4238025324400683,"[48092, 13]",18.3433376,10.048129199999998,-1.15263002,4.15037866,-1.04798489,1.52409822,-0.513312395,0.489494696,-0.0360084471,-0.00151315954,-0.214559416,-0.145299155,0.415238658
NCnYYuU-deE,0.7408618815984933,0.3554964092435672,"[55266, 13]",17.848478399999998,8.21701581,-0.799361553,2.74060234,0.38464695600000004,-0.264476033,-1.14970666,-0.204722299,-0.692308083,-0.00822223351,-0.224390096,0.34520431700000004,-0.26177238399999997
oc0M1o8tuPo,1.1297903479551945,0.5614074024561979,"[75288, 13]",17.60016178,13.09268255,1.48357136,2.64416322,-0.63729952,-0.33442751,-0.94097821,-0.66422586,0.0761612,0.01864734,-0.14434546,-0.20663420000000002,0.17441787
GToOGb7B29Q,0.6700683135393362,0.32555295812698565,"[291859, 13]",16.428516199999997,11.299784800000001,1.61682573,1.68982175,-0.29351384399999997,-0.0737538333,-1.65246611,0.299524867,-0.570564634,0.437099045,-0.68783411,0.221281544,0.0007143305740000001
Xq4cTfoGJ-Y,0.0948562841319134,0.04798564893522647,"[62796, 13]",18.15231555,11.52024409,-0.70046046,3.40854605,0.69409146,-1.36491371,-0.66426961,-0.14493925,-0.27804597,0.38892591,0.21496410000000002,0.57274775,0.23802641
QwlBZc9MrJA,0.8155405428018071,0.3634104728048553,"[68798, 13]",16.8278757,10.182526199999998,1.87862031,1.91020214,-0.056667202199999996,0.11191201099999999,-0.0028614565500000005,0.41879342799999997,0.561097837,0.272508283,-0.0689564032,0.12983613900000002,0.232679023
xUqjJce6d88,20.567102911626453,10.065715005549864,"[25444, 13]",19.46090619,7.31311289,2.9577077999999997,2.84345798,1.45165445,0.36929542,-0.18417402,0.14866364,-0.27607479,0.20920502,-0.47962689,0.54095933,0.57638844
At7OzVOtezA,13.96578132632632,6.872607957561844,"[19799, 13]",23.12731162,14.26299196,0.08803093,1.3153552,0.48502132,-0.11174092,-0.31189108,-0.29941538,-0.58977329,-0.0817822,-0.67756924,-0.4274116,0.53458683
0j4A2n3nRBg,0.19463366137749086,0.09622176516291296,"[52665, 13]",16.7655542,9.2826903,0.77640727,1.35449481,0.34975409,-0.7952058000000001,-1.12281437,0.25972173,-0.10135803,0.25826595,-0.45148243,-0.06881661,-0.30143020000000004
c3lNmMxGDXE,0.2357174686849855,0.1135498707589811,"(48002,13)",13.98834217,9.09761622,-0.52314623,2.34489611,0.7787914,0.24820274,-0.74677636,-0.04236978,-1.09414703,0.23492106,-0.37459473,-0.09433889,0.14474731
RdV6Z4CbkXo,1.2118530066749484,0.6235365820121377,"[64391, 13]",16.54116554,11.22479761,-0.90606126,1.79203753,-0.76541496,-1.31147748,-0.91406039,0.6422395000000001,-0.43845771,0.76625665,-0.11604356,-0.11178163,-0.41577770000000003
VMSXrxoP_cY,3.7388525371994312,1.9027322728485652,"(90635,13)",20.085462399999997,12.0205007,1.03865319,3.11483953,0.137888393,-0.807556189,-0.669598872,0.0883938376,-0.0056764466,0.0603118065,0.0324396135,-0.051373981,-0.0124378979
vQOby7llvjY,6.783221335561424,3.2431002377732128,"[16286, 13]",18.40928076,11.62201488,1.51199985,1.33926712,0.18152223,-0.4276101,-0.30172346,-0.20836551,-0.07661684,-0.2926538,-0.07629467,0.23519125,0.25776802
kUXNIkptIIk,0.17503967837568718,0.08281690887179184,"[302995, 13]",18.07449077,6.95651388,1.24619056,1.60595777,0.44419032,-0.90961118,-0.75630258,-0.32321015,-0.90597141,0.41392934,-0.48778382,0.53822624,0.02069431
onzBYbPZwg0,0.1822995504988269,0.09124430814508333,"[89568, 13]",17.06269244,13.07802714,-0.89450715,2.2315361,0.37116317,-2.15853,-0.98160219,0.84137289,-0.58329935,-0.0897534,0.57172291,0.24254006,0.14940954
zPFGCvPF9mY,2.835855941824377,1.4511375672550482,"[69815, 13]",16.58376504,8.7593078,-0.52954594,2.57688916,-0.41398791,-0.33231996,-0.71929048,0.84374284,-0.4241356,0.64304358,-0.31883645,0.22608349,-0.38011825
FkdGNi94OYw,1.2724965655421392,0.6429572438717457,"(230583,13)",15.810538500000002,10.5731745,4.23471534,2.85982421,0.463823749,0.418403197,-1.61684132,0.392741689,-0.44064908799999997,0.0400900367,-0.00918658559,0.646171167,0.267592662
-dhHrg-KbJ0,0.9472280394454068,0.4726039584742134,"[95091, 13]",17.275138600000002,13.0088181,0.67472688,1.86546658,-0.5072542839999999,-0.681193645,-0.488108584,-0.593871868,-0.157285159,0.202670829,-0.0740783921,-0.164488311,0.0106354705
AhPQdOdnM2M,1.889464736976966,0.9184987452639884,"[49191, 13]",17.88619572,10.87679812,0.29773973,2.42266612,-0.65163988,-0.94763725,-0.8180395,0.81501116,-0.4228356,0.72172797,-0.18895597,0.050187800000000005,-0.34963065
2nAnT3PASak,3.315857738767991,1.6933914920153863,"[40120, 13]",19.074790300000004,12.13259145,2.62834151,2.64055001,0.56131807,-0.14218934,-0.17678915,-0.03979129,0.53490598,-0.36880506,-0.77802942,-0.45937966,-0.14418756
qfsXr4Wirj8,17.01627136276779,8.624810546412322,"[80508, 13]",21.025247699999998,8.69420407,3.67983391,1.77529172,1.89830121,0.33764648700000005,-0.384399741,-0.417559377,0.27675402600000004,0.0014633639199999999,0.0381031481,0.137180766,0.5149056329999999
2nssGKBJbaM,196.56275708628684,92.80206456003084,"[47405, 13]",21.1418227,7.89116422,1.15335408,0.749165031,0.513515598,-0.363947659,-0.8529303579999999,-0.19562596399999999,-0.141442953,-0.054034819000000005,0.0154112095,0.267193537,-0.0102829451
sD0NjbwqlYw,7.816001280192459,3.9126362230650393,"(133045,13)",20.009377399999998,12.8547356,4.9305525,2.3365412,1.22066309,1.35324217,-0.17171238600000002,0.212665978,-0.675219336,0.024150324700000003,-0.393625916,0.09849856300000001,0.0147862159
81pTSn6xsJA,6.647851098610528,3.24673384926285,"[55635, 13]",17.14752035,9.69582445,-0.30296492,2.33238909,-0.74370894,-0.88912468,-0.53247092,0.94791196,-0.59805662,0.69561307,-0.30113278,0.02963251,-0.39009109999999997
PRf6iP-v6vI,3.1352380375994766,1.8167514788833932,"[29843, 13]",18.012224399999997,11.1618,1.27987804,2.26932524,0.164310355,-0.108956464,-0.844608958,0.827456335,-0.27438219,0.376426828,-0.387006576,0.0173301121,0.309205907
KPpC3qVE5PQ,1.7510526309505017,0.9490401067683992,"[40956, 13]",16.76946755,12.14753691,-0.89885887,3.47761851,0.59331008,0.6967044,-0.34973788,-0.10013967,-0.09304471,-0.13372872,0.47958288,-0.24867062,0.21819263
Y4WObfOWNys,14.049499028011384,7.4063055624100675,"[34711, 13]",20.322779,11.0313227,3.70054657,3.08757869,0.6616530270000001,0.126012376,-0.178073428,-0.34278885,-0.112358779,-0.11338052,-0.0697680631,0.0159416399,0.286786773
VTveQ1ndH1c,3.5906192853837275,1.4170045389914665,"[75776, 13]",16.58452274,10.26076927,3.2585039,1.27712514,0.92997962,0.04403063,-0.73318753,-0.47072536,0.02862074,0.11331067,0.03941097,0.31711769,0.24969118
PltkCwau98w,13.631020107259381,6.73676426875395,"(597500,13)",21.5641818,9.45906234,0.5632955860000001,2.6023407,0.39650229600000003,0.41530577799999996,-1.04303995,0.18846147300000002,0.051164107599999994,-0.20248814699999998,-0.0123378847,0.288139109,0.13779844300000002
Gp3AORwr7bU,5.742993089221036,2.829878845640857,"[117841, 13]",18.81191094,10.70903566,0.54894177,2.61830325,-0.12705275,0.42570422,-0.64884925,0.84219694,0.07580668,-0.14965758,0.10224442,-0.42608718,0.39786277
yZ0IwscaGCM,0.2516729483840729,0.1261140585980457,"[63404, 13]",13.62774681,8.0902675,2.3412013,0.93387118,0.24885818,-0.75607335,-1.13496556,-0.07280535,-0.31799469,-0.24595032,0.07286195,0.15142516,0.07804580000000001
JI7hCC4Mv8k,2.000216469758195,1.0130025079398828,"(133742,13)",18.9123853,10.26852229,2.67712231,3.88021784,1.16205925,0.13915174,-0.48809691,-0.43513552,-0.42920579,0.31509903,-0.4686282,-0.51973827,0.21174464
YRgM1wSwtN8,2.460052928371689,1.2443592377039168,"[117113, 13]",18.30527747,10.66102354,2.12740089,2.74985549,1.30005133,-0.21805047,-0.40898177,0.47289145,-0.37014113,0.57079529,-0.82935339,0.18408055,0.69992185
mJz1DUUZ4VE,1.3342168575591833,0.6613314285956969,"(92069,13)",21.18220463,10.664213900000002,2.1331152,0.99647451,-0.33963067,-0.39869017,-0.79392583,0.16091717,-0.14495868,-0.26352452,0.37195549,0.25468775,0.54025211
GItmC9lxeco,4.576416186635483,2.240297501404244,"[53138, 13]",18.69487757,10.29553199,1.84383873,1.41291962,0.75826353,-0.68852831,-0.65579835,0.47491803,0.41970942,0.40892452,0.04414707,0.07171271,0.07120885
K4CoMMxQ_R8,4.040216061833774,2.0549525138739915,"[56421, 13]",19.14129396,10.36111963,-1.29910654,1.84386324,-1.14688927,-1.37795115,-0.76752958,0.72453314,-0.48251962,0.86553125,-0.14288116,-0.05434935,-0.44650222
WIUO8FDaLJA,20.56426103836153,15.01425612528435,"[48050, 13]",19.77009737,11.8848257,1.93395876,0.99828762,-0.72908479,-0.05434387,0.22288000000000002,0.59444267,0.08268351,0.23489724,-0.34631437,0.11540665,0.44154401
0uYOC09peyk,2.0785066870933946,1.0576189176268729,"[81658, 13]",20.88102321,11.26339313,-1.77750238,1.67791561,0.64989753,-0.39441536,-0.49763342,-0.13422645,0.04675511,-0.39682935,-0.54383917,-0.10375515,0.18720826
bTn66fbOtOA,0.9722908649314048,0.4903918953752543,"(337435,13)",17.918851800000002,6.55206078,4.09615366,1.4932422,0.0654158554,-0.851447361,-0.479894064,-0.153509115,-0.149635684,-0.133280966,-0.240888425,-0.12769846599999998,-0.0150872839
QKnPsHAWrpw,0.04144136003867024,0.02086036432296454,"(377004,13)",17.10712671,9.28125249,1.35539071,2.85761608,0.33342509,0.75184922,-0.64382295,-0.71868044,-0.5668988,-0.49053482,-0.69604566,-0.25122326,-0.22028115
ekr3xXj6Cws,1.9939875446207105,1.3621212426521108,"[40475, 13]",17.62042938,9.95880445,1.64525137,2.11172471,-0.46844047,-0.41735312,-0.82597517,1.02352435,-0.17944366,0.42016116,0.0223983,0.11723209,-0.04826951
Oz_9PMI8U0Y,1.359764545490444,0.6836403993497698,"[52719, 13]",13.82973158,4.82565255,0.69307923,2.02943219,1.74706228,-1.56367607,-0.19027716,0.56078904,0.25411044,-0.02470513,-0.66021208,-0.09694218,-0.09473802
xBzO_tFkvkc,1.7786072927213428,0.9152010929408811,"[89946, 13]",16.33140906,9.79046313,2.33731304,4.10397105,0.56806793,-1.12999289,0.41995936,-0.45447667,-0.28125321,0.15035574,-0.31084851,0.04899644,0.19588278
kagWliivBao,0.2363523632434736,0.12464743024569867,"[155978, 13]",16.19113146,11.97902059,-0.92849549,4.23506339,-0.36357885,0.16337515,0.49573616,-0.52358431,1.1397335,-0.09316825,-0.21408658,0.64208688,-0.40865042
0Oazb7IWzbA,4.886075460661387,2.367009546040387,"[91679, 13]",18.8668944,10.4883907,4.63133549,0.903969943,0.135269627,0.520558007,-0.649359706,0.162608491,0.00622593554,0.17690309,0.00379726019,-0.0419257268,0.20391756800000002
Sl3sWe53YXk,0.4203683743821935,0.2070059851501796,"[31748, 13]",14.58840428,12.39183549,4.17143873,2.44864923,1.5217530000000001,-0.32377145,-0.29921206,-0.71164645,-0.39552497,-0.16586175,0.0646575,0.49043436,0.25821483
AkSPhZsXXqo,0.14916743271333216,0.07194802075527701,"[471794, 13]",19.09079466,10.21203461,2.30991431,2.68207562,0.02045228,-0.21033600000000002,-1.08269246,0.24775713,-0.13309161,-0.08259949,0.18014731,0.41880407,0.02581973
SPmKyg0249I,1.0425713218213493,0.4808722383044453,"(57662,13)",15.741175699999998,8.55102206,2.27373021,5.06788347,2.2248381,-0.36787289,-0.53518898,0.14884402,0.08718532,-1.05122333,0.34414267,-0.12662728,-0.17866806
Js5TSCCK3bw,3.2931461632066665,1.7696988706536818,"[36820, 13]",18.215394600000003,11.1476761,1.36434717,1.98933918,0.10730534,0.026421013700000003,-1.10487545,0.857810555,-0.30275382,0.379392756,-0.273808628,-0.0124974252,0.343623955
rwFKa-dm4oI,2.1500615313569917,1.11404785341824,"[132726, 13]",17.36026602,10.2707682,2.49078097,2.78666813,1.01330051,-0.07029092,-0.13642058,0.5343477,-0.46005179,0.28214196,-0.7296296,0.18582111,0.637133
YmCZglIgkCE,52.63014708306326,27.540623154635163,"[17103, 13]",20.24769889,12.21983917,0.93567773,2.15472271,0.88289363,0.08026219999999999,0.22645152,0.5117417000000001,0.28040711,0.51114504,-0.39512987,0.12845474,-0.35113357
O4ndIDcDSGc,2.5446999562562778,1.1015065985794412,"[83204, 13]",16.422740400000002,8.89703142,1.48060983,2.47953865,0.27991474,0.27711766,-1.08421343,-0.28407899,-0.13735507,0.20430631,0.03817133,0.18461823,0.32579159999999996
hzpCwzaP38U,1.2584308336053986,0.6479675396855331,"[40933, 13]",17.85805758,10.78951683,-0.76745932,1.38212454,0.2448607,-2.50843786,-0.16774832,0.47883119,-0.24766296,0.46065596,-0.52907693,-0.17146585,0.08876808
GwkwMYgcttI,2.4773364348609137,1.2274792796860794,"[163470, 13]",19.55150545,13.63700197,1.86616756,3.76250538,-0.34211649,0.70230117,-0.22762448,-0.05102333,0.62629217,-0.69966636,-0.37651878,-0.16833374,0.13943685
LIZ78RwhSPc,2.095665336775065,1.0363709061740969,"[41972, 13]",17.57244253,8.62028982,1.87835475,1.60718538,0.54067069,-0.0238383,0.30618427,0.21456826,0.13205522,-0.02610777,-0.59011562,-0.13611954,-0.04389012
uFczjcxFDpM,1.2467931641635148,0.6500956943019879,"[22315, 13]",15.6950964,9.45523024,0.280432994,0.762935723,0.185651523,-0.00504331306,-0.257475496,0.870166937,0.315539602,-0.136619926,0.154115066,-0.518780282,0.853315455
iFuR97YcSLM,1.8229110139142184,0.9753087961118566,"[54527, 13]",16.74206966,9.74012312,2.55248129,1.47782898,0.86539877,-0.19644427,-0.39226081,0.55868473,0.21775709,0.39503681,-0.27879819,-0.22527047,0.20884207
ZMZOk2i1TBY,4.892523987524918,2.372525604002361,"[62849, 13]",18.88805312,11.30892629,0.05205698,2.29717563,-0.19733404,-0.87426618,-0.51123746,0.90721274,-0.17852351,0.61767783,0.30975686,-0.16717555,-0.12633721
B9KITthfxS0,0.7238012565737679,0.3726177207418213,"[113991, 13]",18.1432577,9.33197844,0.99602676,2.35992496,1.01748211,0.56833207,-0.75772796,-0.76782217,-0.47399698,-0.24052166,-0.49403471,0.05547782,0.46185875
0HzxqWBSudQ,67.41322532522783,25.324373727097765,"(44872,13)",18.63955318,12.85958825,1.73159327,1.4569281,0.83346324,-0.32458314,-1.38518317,-0.78250817,-0.31482836,0.37866784,0.39913267,1.23904688,0.43871225
Ldi2ovn8E64,24.40200297385581,12.075970487215786,"(13904,13)",21.390797199999998,6.1699177,-0.6620717660000001,1.80229161,-0.693634205,-0.17225271,-0.602360009,0.0817064354,-0.106745564,-0.00827406864,-0.19049634899999998,-0.135936127,-0.471465471
7DGH7IqGytM,1.6242271853306869,0.8120293009125233,"[240798, 13]",18.64238876,9.30043258,-0.6791986,4.96408348,-1.18988318,-0.09526997,1.35930759,0.56820202,-0.67740294,0.78193867,-0.79521582,-0.05533702,0.45085993
FCSaXPYJ1zk,1.1932098271791296,0.6101952221039564,"[315578, 13]",18.31313218,12.12573194,2.45626973,1.45161886,1.78329696,0.33040148,-0.3026252,0.39743937,0.36112140000000004,0.1993013,-0.34294467,-0.03864491,0.26986664
JGDoLc6ndWo,1.0066789690082951,0.4987965246410503,"[52719, 13]",9.40222861,7.81633519,1.44815054,1.20482334,-0.48048767,0.56900609,-1.07291581,-0.03313216,0.25896108,-0.06626526,0.06717815,-0.09555003,-0.08469433
WYijIV5JrKg,0.5266883760967278,0.2920660845291321,"[90488, 13]",16.35905932,9.72593676,3.20695346,2.2572667999999996,0.91946316,-0.28718190000000005,-0.37951994,0.07013384,0.46166145,0.38814970000000004,0.04291957,0.32064371,0.18556843
t1Kcbba04Xs,4.244574028465826,2.0634533097805288,"(71862,13)",19.4300026,10.75331344,1.71850428,2.067047,1.58767365,-0.29355126,0.16112862,-0.39274152,-0.15170806,-0.21227134,-0.80104881,-0.09850362,0.30662122
azHtcHDDeXQ,1.212684683435304,0.6018300799453031,"[54135, 13]",20.839976,0.8331513509999999,-5.96228878,0.9355069840000001,-1.49004747,0.684649568,0.0984961025,0.557446914,-0.684735949,-0.00948813515,-0.37877476200000004,0.22776386899999998,-0.017226378799999997
TqRUNHhxdVg,3.930675989570495,1.922369796083761,"[216428, 13]",19.66047964,8.55637471,0.73380394,1.73884337,0.09069024,0.4126967000000001,0.14550369,0.39209949,0.10512086,0.04968119,-0.19216563,-0.06274027,0.18257142
-XZjgAh9BjM,1.082780030358483,0.5436293365192466,"[51328, 13]",16.1924528,8.73594484,2.32683498,2.88310556,1.21758001,0.0022879115100000002,-0.422245343,-0.40134082600000004,-0.704847562,0.633856457,0.412945706,0.444328261,0.331767527
7lhVUedc1a4,0.4863861361251624,0.2466265016441375,"[101612, 13]",16.960006399999997,9.51147826,0.71386759,1.22748521,0.32206996,-1.4699652,-0.40409763,0.22340391,0.32161813,0.02534865,-0.29674571,-0.16648114,-0.21458523
MysB4SfoWJw,17.421372977131373,8.745183404938981,"[499002, 13]",22.2449125,8.85132084,0.769807366,0.970604453,-0.0621102008,0.45739158799999996,-0.028018774399999998,0.30891411399999996,-0.191632133,-0.0217682985,-0.27191660100000004,0.21445467,0.0654561573
xQHUHMeyT-4,0.9449719354549634,0.4517745020642247,"(78007,13)",20.34505981,9.6249293,2.70852699,2.85721423,0.78516418,-0.61773644,-0.74153301,-0.80372305,-0.44193972,-0.19673357,-0.32839509,0.50078874,-0.16149582
haqgNwPVrso,12.993865050203452,6.635567991223644,"[32546, 13]",20.0152046,8.76352775,1.31497219,3.75997965,0.576352842,0.443103342,0.6183719129999999,0.20539397899999998,0.08770562109999999,0.00823690066,-0.351120351,-0.051515055,0.103941348
5FUo-83-U3Q,3.368515830691021,1.6653268355758222,"[299321, 13]",3.78793028,5.94709336,1.11157801,2.63478992,0.33279757,0.47868575,-0.10567701,0.26341658,0.04913452,-0.11168644,0.01764551,0.16642751,0.15405459
1uKtNlPLPZw,1.1130072262249928,0.5616426544441366,"[59394, 13]",16.427495699999998,6.94431787,-2.84780583,4.11517473,-0.31131428,-0.97032237,-1.68860988,-0.88940742,-0.93798712,1.47320069,-0.75822584,0.63809915,0.11827354
0C5UQbWzwg8,2.819124313132883,1.7227521087447788,"[116743, 13]",18.1672533,6.71719016,1.84541884,1.74784867,1.03078873,-0.179659022,-0.569340238,0.07200281730000001,-0.144772302,-0.048059209900000004,0.09828782,0.139260065,-0.0106865559
MNnJE8ZFo8Y,5.196327622229257,2.486505994885653,"(63513,13)",19.30659498,9.06994822,2.00710905,2.24944054,1.6695749,-0.10032444,-0.19142594,-0.60410534,-0.03406181,-0.09325428,-0.43737261,0.50346026,0.44422626
y_1D9Tq8fI4,95.95353961445377,56.69398526106502,"[4799, 13]",7.26950957,8.68952874,1.13007126,1.49375802,0.43970493,0.39558268,0.13687494,0.4973108,0.24791753,0.17623072,0.03175022,0.0326926,0.15857984
wuzUbVsVR2s,95.5501817430465,56.275500181058824,"[11729, 13]",17.11605799,6.80308775,0.52822164,1.14360746,0.59153364,0.67199715,-0.16635737,0.32902232,0.13287302,0.18624285,-0.16117709,-0.04324812,0.03880644
ndGiKVDgbHI,59.180359391306325,32.94303479958798,"[15618, 13]",19.830793399999997,9.38869687,0.588992959,1.85333524,0.561654042,0.46395407200000005,0.194174933,0.533456719,-0.0117297262,0.0180730331,-0.0657195216,0.0393545684,0.22518258800000002
Q0CbN8sfihY,46.02736510125322,22.59164952149408,"[15414, 13]",17.55066972,8.96858695,-0.31304928,1.11113435,-0.83389739,0.45470588,-0.11510084,0.71162238,0.20581743,0.12937788,-0.08282383,-0.09553803,0.16523529
WR7cc5t7tv8,40.227878014807786,20.045291894992975,"[11568, 13]",19.36053704,8.61669563,0.41160458,1.91107104,0.969884,0.92205221,0.40690442,0.33354668,0.05491112,0.23434293,0.04762577,0.52560912,0.27323467
m8e-FF8MsqU,29.0771395415508,14.92899780033024,"[15071, 13]",20.4035762,10.50869916,1.756048,2.78891814,0.73872865,0.52051637,-0.02528497,0.3483594,-0.0338395,0.08370930000000001,-0.2289562,-0.12628150000000002,0.14839445
kYzz0FSgpSU,68.57828277315033,33.691248809808954,"[15116, 13]",21.4234538,5.48790435,1.15883244,2.18124032,0.41764998,0.8341608290000001,0.113106964,0.743426822,0.042640140300000004,0.010961895900000001,-0.08952870019999999,0.116942324,0.214027415
fn5WNxy-Wcw,29.15854682833073,19.17277723457921,"[19885, 13]",15.15146192,7.67141958,0.29356304,1.29699562,0.45756735,-0.13301864,-0.1262405,0.35153378,-0.26195167,0.04904307,-0.50273732,-0.16991051,0.23187434
A2WnsyLv5Bo,22.33881570326713,12.458005037490926,"[6622, 13]",18.451431600000003,10.3197616,0.459973736,1.91114434,0.59098564,1.07097653,0.6665042760000001,0.738337755,0.137156943,0.0231549435,-0.044454062999999995,-0.21570417,0.0113224292
Qaj32KnlMyY,20.843926424246103,12.29934675413201,"[11340, 13]",18.26272907,10.22089852,0.20967745,1.73532908,0.34012718,-0.05827049,-0.14287957,0.51250234,0.04115934,-0.07411089,-0.06192177,-0.04608316,0.21958584
